-- phpMyAdmin SQL Dump
-- version 4.7.9
-- https://www.phpmyadmin.net/
--
-- Host: 127.0.0.1
-- Generation Time: Jan 25, 2019 at 06:59 AM
-- Server version: 10.1.31-MariaDB
-- PHP Version: 5.6.34

SET SQL_MODE = "NO_AUTO_VALUE_ON_ZERO";
SET AUTOCOMMIT = 0;
START TRANSACTION;
SET time_zone = "+00:00";


/*!40101 SET @OLD_CHARACTER_SET_CLIENT=@@CHARACTER_SET_CLIENT */;
/*!40101 SET @OLD_CHARACTER_SET_RESULTS=@@CHARACTER_SET_RESULTS */;
/*!40101 SET @OLD_COLLATION_CONNECTION=@@COLLATION_CONNECTION */;
/*!40101 SET NAMES utf8mb4 */;

--
-- Database: `mas`
--

-- --------------------------------------------------------

--
-- Table structure for table `benefits_limit_tb`
--

CREATE TABLE `benefits_limit_tb` (
  `benefits_limit_id` int(11) NOT NULL,
  `benefits_id` int(11) NOT NULL,
  `member_id` int(11) NOT NULL,
  `limit_abl` int(11) NOT NULL,
  `limit_mxbl` int(11) NOT NULL,
  `limit_lbl` int(11) NOT NULL,
  `limit_pel` int(11) NOT NULL,
  `limit_cil` int(11) NOT NULL,
  `limit_mbl` int(11) NOT NULL,
  `limit_opd` int(11) NOT NULL
) ENGINE=InnoDB DEFAULT CHARSET=latin1;

--
-- Dumping data for table `benefits_limit_tb`
--

INSERT INTO `benefits_limit_tb` (`benefits_limit_id`, `benefits_id`, `member_id`, `limit_abl`, `limit_mxbl`, `limit_lbl`, `limit_pel`, `limit_cil`, `limit_mbl`, `limit_opd`) VALUES
(1, 1, 4, 1, 2, 3, 4, 5, 6, 7),
(2, 1, 1, 1, 2, 3, 4, 5, 6, 7);

-- --------------------------------------------------------

--
-- Table structure for table `benefits_tb`
--

CREATE TABLE `benefits_tb` (
  `benefit_id` int(11) NOT NULL,
  `company_setup_id` longtext NOT NULL,
  `age_limit` int(11) NOT NULL,
  `inclu_abl` varchar(25) NOT NULL,
  `inclu_mxbl` varchar(25) NOT NULL,
  `inclu_lbl` varchar(25) NOT NULL,
  `inclu_pel` varchar(25) NOT NULL,
  `inclu_cil` varchar(25) NOT NULL,
  `inclu_mbl` varchar(25) NOT NULL,
  `inclu_opd` varchar(25) NOT NULL,
  `inclu_room_and_board` varchar(25) NOT NULL,
  `inclu_dental` varchar(25) NOT NULL,
  `inclu_ape` varchar(25) NOT NULL,
  `inclu_ecu` varchar(25) NOT NULL,
  `mod_modality` varchar(255) NOT NULL,
  `mod_amount` int(11) NOT NULL,
  `mod_remarks` longtext NOT NULL,
  `benefits_created_by` varchar(255) NOT NULL,
  `benefits_created_date` timestamp NOT NULL DEFAULT CURRENT_TIMESTAMP ON UPDATE CURRENT_TIMESTAMP
) ENGINE=MyISAM DEFAULT CHARSET=latin1;

--
-- Dumping data for table `benefits_tb`
--

INSERT INTO `benefits_tb` (`benefit_id`, `company_setup_id`, `age_limit`, `inclu_abl`, `inclu_mxbl`, `inclu_lbl`, `inclu_pel`, `inclu_cil`, `inclu_mbl`, `inclu_opd`, `inclu_room_and_board`, `inclu_dental`, `inclu_ape`, `inclu_ecu`, `mod_modality`, `mod_amount`, `mod_remarks`, `benefits_created_by`, `benefits_created_date`) VALUES
(1, '3,4', 45, '1', '2', '3', '4', '5', '6', '7', '8', '9', '10', '11', '1', 2, '3', '91', '2019-01-25 04:45:28');

-- --------------------------------------------------------

--
-- Table structure for table `ci_sessions`
--

CREATE TABLE `ci_sessions` (
  `id` varchar(128) NOT NULL,
  `ip_address` varchar(45) NOT NULL,
  `timestamp` int(10) UNSIGNED NOT NULL DEFAULT '0',
  `data` blob NOT NULL
) ENGINE=InnoDB DEFAULT CHARSET=latin1;

--
-- Dumping data for table `ci_sessions`
--

INSERT INTO `ci_sessions` (`id`, `ip_address`, `timestamp`, `data`) VALUES
('07hp8agegs8guafqiekarv2mnomcc5u6', '::1', 1548387307, 0x5f5f63695f6c6173745f726567656e65726174657c693a313534383338363939353b6c6f676765645f696e7c613a383a7b733a373a22757365725f6964223b733a3137323a22353966623663376434356336313435363931666232363134363530313931303030303136346266393436663163343166646437376563626663333834373736396665366562333438323734643835363764353438316539386330386530393765353437366636633864633130393861643430313334653361666133336638323177626c5843767a43596f777955454a503274464c77786f4a70614a75686233314d50486e496e516c4263553d223b733a353a22656d61696c223b733a32303a2278696176657239397a31407961686f6f2e636f6d223b733a383a22757365726e616d65223b733a31303a2278696176657239397a31223b733a31303a2266697273745f6e616d65223b733a303a22223b733a393a226c6173745f6e616d65223b733a303a22223b733a363a22617661746172223b733a3131343a223c696d67207372633d22687474703a2f2f6c6f63616c686f73742f6d61732f6173736574732f637573746f6d2f696d672f706572736f6e2e6a7067222077696474683d22333070782220636c6173733d22696d672d636972636c652220616c743d222070726f66696c6520696d616765223e223b733a393a22757365725f74797065223b733a313a2231223b733a31313a22757365725f737461747573223b733a363a22616374697665223b7d),
('6d0aal6san3u7gditretojorsosnkg7n', '::1', 1548388662, 0x5f5f63695f6c6173745f726567656e65726174657c693a313534383338383338393b6c6f676765645f696e7c613a383a7b733a373a22757365725f6964223b733a3137323a22353966623663376434356336313435363931666232363134363530313931303030303136346266393436663163343166646437376563626663333834373736396665366562333438323734643835363764353438316539386330386530393765353437366636633864633130393861643430313334653361666133336638323177626c5843767a43596f777955454a503274464c77786f4a70614a75686233314d50486e496e516c4263553d223b733a353a22656d61696c223b733a32303a2278696176657239397a31407961686f6f2e636f6d223b733a383a22757365726e616d65223b733a31303a2278696176657239397a31223b733a31303a2266697273745f6e616d65223b733a303a22223b733a393a226c6173745f6e616d65223b733a303a22223b733a363a22617661746172223b733a3131343a223c696d67207372633d22687474703a2f2f6c6f63616c686f73742f6d61732f6173736574732f637573746f6d2f696d672f706572736f6e2e6a7067222077696474683d22333070782220636c6173733d22696d672d636972636c652220616c743d222070726f66696c6520696d616765223e223b733a393a22757365725f74797065223b733a313a2231223b733a31313a22757365725f737461747573223b733a363a22616374697665223b7d),
('maqh2q8j0m7jh6vutmqu3talsf9gvoul', '::1', 1548388959, 0x5f5f63695f6c6173745f726567656e65726174657c693a313534383338383730333b6c6f676765645f696e7c613a383a7b733a373a22757365725f6964223b733a3137323a22353966623663376434356336313435363931666232363134363530313931303030303136346266393436663163343166646437376563626663333834373736396665366562333438323734643835363764353438316539386330386530393765353437366636633864633130393861643430313334653361666133336638323177626c5843767a43596f777955454a503274464c77786f4a70614a75686233314d50486e496e516c4263553d223b733a353a22656d61696c223b733a32303a2278696176657239397a31407961686f6f2e636f6d223b733a383a22757365726e616d65223b733a31303a2278696176657239397a31223b733a31303a2266697273745f6e616d65223b733a303a22223b733a393a226c6173745f6e616d65223b733a303a22223b733a363a22617661746172223b733a3131343a223c696d67207372633d22687474703a2f2f6c6f63616c686f73742f6d61732f6173736574732f637573746f6d2f696d672f706572736f6e2e6a7067222077696474683d22333070782220636c6173733d22696d672d636972636c652220616c743d222070726f66696c6520696d616765223e223b733a393a22757365725f74797065223b733a313a2231223b733a31313a22757365725f737461747573223b733a363a22616374697665223b7d),
('9f87ega26nc703p0dbvmhh9enofcn0gh', '::1', 1548389324, 0x5f5f63695f6c6173745f726567656e65726174657c693a313534383338393131333b6c6f676765645f696e7c613a383a7b733a373a22757365725f6964223b733a3137323a22353966623663376434356336313435363931666232363134363530313931303030303136346266393436663163343166646437376563626663333834373736396665366562333438323734643835363764353438316539386330386530393765353437366636633864633130393861643430313334653361666133336638323177626c5843767a43596f777955454a503274464c77786f4a70614a75686233314d50486e496e516c4263553d223b733a353a22656d61696c223b733a32303a2278696176657239397a31407961686f6f2e636f6d223b733a383a22757365726e616d65223b733a31303a2278696176657239397a31223b733a31303a2266697273745f6e616d65223b733a303a22223b733a393a226c6173745f6e616d65223b733a303a22223b733a363a22617661746172223b733a3131343a223c696d67207372633d22687474703a2f2f6c6f63616c686f73742f6d61732f6173736574732f637573746f6d2f696d672f706572736f6e2e6a7067222077696474683d22333070782220636c6173733d22696d672d636972636c652220616c743d222070726f66696c6520696d616765223e223b733a393a22757365725f74797065223b733a313a2231223b733a31313a22757365725f737461747573223b733a363a22616374697665223b7d),
('j67jptnoqioji8kma223uod7lnkveqnj', '::1', 1548390719, 0x5f5f63695f6c6173745f726567656e65726174657c693a313534383339303434353b6c6f676765645f696e7c613a383a7b733a373a22757365725f6964223b733a3137323a22353966623663376434356336313435363931666232363134363530313931303030303136346266393436663163343166646437376563626663333834373736396665366562333438323734643835363764353438316539386330386530393765353437366636633864633130393861643430313334653361666133336638323177626c5843767a43596f777955454a503274464c77786f4a70614a75686233314d50486e496e516c4263553d223b733a353a22656d61696c223b733a32303a2278696176657239397a31407961686f6f2e636f6d223b733a383a22757365726e616d65223b733a31303a2278696176657239397a31223b733a31303a2266697273745f6e616d65223b733a303a22223b733a393a226c6173745f6e616d65223b733a303a22223b733a363a22617661746172223b733a3131343a223c696d67207372633d22687474703a2f2f6c6f63616c686f73742f6d61732f6173736574732f637573746f6d2f696d672f706572736f6e2e6a7067222077696474683d22333070782220636c6173733d22696d672d636972636c652220616c743d222070726f66696c6520696d616765223e223b733a393a22757365725f74797065223b733a313a2231223b733a31313a22757365725f737461747573223b733a363a22616374697665223b7d),
('4gesgb4as4m98pga5agk478lvphru88m', '::1', 1548391184, 0x5f5f63695f6c6173745f726567656e65726174657c693a313534383339303930333b6c6f676765645f696e7c613a383a7b733a373a22757365725f6964223b733a3137323a22353966623663376434356336313435363931666232363134363530313931303030303136346266393436663163343166646437376563626663333834373736396665366562333438323734643835363764353438316539386330386530393765353437366636633864633130393861643430313334653361666133336638323177626c5843767a43596f777955454a503274464c77786f4a70614a75686233314d50486e496e516c4263553d223b733a353a22656d61696c223b733a32303a2278696176657239397a31407961686f6f2e636f6d223b733a383a22757365726e616d65223b733a31303a2278696176657239397a31223b733a31303a2266697273745f6e616d65223b733a303a22223b733a393a226c6173745f6e616d65223b733a303a22223b733a363a22617661746172223b733a3131343a223c696d67207372633d22687474703a2f2f6c6f63616c686f73742f6d61732f6173736574732f637573746f6d2f696d672f706572736f6e2e6a7067222077696474683d22333070782220636c6173733d22696d672d636972636c652220616c743d222070726f66696c6520696d616765223e223b733a393a22757365725f74797065223b733a313a2231223b733a31313a22757365725f737461747573223b733a363a22616374697665223b7d),
('u3cb7fcj32vunrmv8qsh35bkrn99dthu', '::1', 1548391528, 0x5f5f63695f6c6173745f726567656e65726174657c693a313534383339313232323b6c6f676765645f696e7c613a383a7b733a373a22757365725f6964223b733a3137323a22353966623663376434356336313435363931666232363134363530313931303030303136346266393436663163343166646437376563626663333834373736396665366562333438323734643835363764353438316539386330386530393765353437366636633864633130393861643430313334653361666133336638323177626c5843767a43596f777955454a503274464c77786f4a70614a75686233314d50486e496e516c4263553d223b733a353a22656d61696c223b733a32303a2278696176657239397a31407961686f6f2e636f6d223b733a383a22757365726e616d65223b733a31303a2278696176657239397a31223b733a31303a2266697273745f6e616d65223b733a303a22223b733a393a226c6173745f6e616d65223b733a303a22223b733a363a22617661746172223b733a3131343a223c696d67207372633d22687474703a2f2f6c6f63616c686f73742f6d61732f6173736574732f637573746f6d2f696d672f706572736f6e2e6a7067222077696474683d22333070782220636c6173733d22696d672d636972636c652220616c743d222070726f66696c6520696d616765223e223b733a393a22757365725f74797065223b733a313a2231223b733a31313a22757365725f737461747573223b733a363a22616374697665223b7d),
('8gqnep9h71rm9pu32mhkuct6donu4q9p', '::1', 1548393533, 0x5f5f63695f6c6173745f726567656e65726174657c693a313534383339333235323b6c6f676765645f696e7c613a383a7b733a373a22757365725f6964223b733a3137323a22353966623663376434356336313435363931666232363134363530313931303030303136346266393436663163343166646437376563626663333834373736396665366562333438323734643835363764353438316539386330386530393765353437366636633864633130393861643430313334653361666133336638323177626c5843767a43596f777955454a503274464c77786f4a70614a75686233314d50486e496e516c4263553d223b733a353a22656d61696c223b733a32303a2278696176657239397a31407961686f6f2e636f6d223b733a383a22757365726e616d65223b733a31303a2278696176657239397a31223b733a31303a2266697273745f6e616d65223b733a303a22223b733a393a226c6173745f6e616d65223b733a303a22223b733a363a22617661746172223b733a3131343a223c696d67207372633d22687474703a2f2f6c6f63616c686f73742f6d61732f6173736574732f637573746f6d2f696d672f706572736f6e2e6a7067222077696474683d22333070782220636c6173733d22696d672d636972636c652220616c743d222070726f66696c6520696d616765223e223b733a393a22757365725f74797065223b733a313a2231223b733a31313a22757365725f737461747573223b733a363a22616374697665223b7d),
('nc4kaot6avi97u3iujf3mcqunco2c4ge', '::1', 1548393768, 0x5f5f63695f6c6173745f726567656e65726174657c693a313534383339333537393b6c6f676765645f696e7c613a383a7b733a373a22757365725f6964223b733a3137323a22353966623663376434356336313435363931666232363134363530313931303030303136346266393436663163343166646437376563626663333834373736396665366562333438323734643835363764353438316539386330386530393765353437366636633864633130393861643430313334653361666133336638323177626c5843767a43596f777955454a503274464c77786f4a70614a75686233314d50486e496e516c4263553d223b733a353a22656d61696c223b733a32303a2278696176657239397a31407961686f6f2e636f6d223b733a383a22757365726e616d65223b733a31303a2278696176657239397a31223b733a31303a2266697273745f6e616d65223b733a303a22223b733a393a226c6173745f6e616d65223b733a303a22223b733a363a22617661746172223b733a3131343a223c696d67207372633d22687474703a2f2f6c6f63616c686f73742f6d61732f6173736574732f637573746f6d2f696d672f706572736f6e2e6a7067222077696474683d22333070782220636c6173733d22696d672d636972636c652220616c743d222070726f66696c6520696d616765223e223b733a393a22757365725f74797065223b733a313a2231223b733a31313a22757365725f737461747573223b733a363a22616374697665223b7d),
('n4qtdbe4chde6his1ha2ntrl3stonf84', '::1', 1548394339, 0x5f5f63695f6c6173745f726567656e65726174657c693a313534383339343131353b6c6f676765645f696e7c613a383a7b733a373a22757365725f6964223b733a3137323a22353966623663376434356336313435363931666232363134363530313931303030303136346266393436663163343166646437376563626663333834373736396665366562333438323734643835363764353438316539386330386530393765353437366636633864633130393861643430313334653361666133336638323177626c5843767a43596f777955454a503274464c77786f4a70614a75686233314d50486e496e516c4263553d223b733a353a22656d61696c223b733a32303a2278696176657239397a31407961686f6f2e636f6d223b733a383a22757365726e616d65223b733a31303a2278696176657239397a31223b733a31303a2266697273745f6e616d65223b733a303a22223b733a393a226c6173745f6e616d65223b733a303a22223b733a363a22617661746172223b733a3131343a223c696d67207372633d22687474703a2f2f6c6f63616c686f73742f6d61732f6173736574732f637573746f6d2f696d672f706572736f6e2e6a7067222077696474683d22333070782220636c6173733d22696d672d636972636c652220616c743d222070726f66696c6520696d616765223e223b733a393a22757365725f74797065223b733a313a2231223b733a31313a22757365725f737461747573223b733a363a22616374697665223b7d),
('3mhgj0l799fqn719155bammjt72hhh6j', '::1', 1548394557, 0x5f5f63695f6c6173745f726567656e65726174657c693a313534383339343438353b6c6f676765645f696e7c613a383a7b733a373a22757365725f6964223b733a3137323a22353966623663376434356336313435363931666232363134363530313931303030303136346266393436663163343166646437376563626663333834373736396665366562333438323734643835363764353438316539386330386530393765353437366636633864633130393861643430313334653361666133336638323177626c5843767a43596f777955454a503274464c77786f4a70614a75686233314d50486e496e516c4263553d223b733a353a22656d61696c223b733a32303a2278696176657239397a31407961686f6f2e636f6d223b733a383a22757365726e616d65223b733a31303a2278696176657239397a31223b733a31303a2266697273745f6e616d65223b733a303a22223b733a393a226c6173745f6e616d65223b733a303a22223b733a363a22617661746172223b733a3131343a223c696d67207372633d22687474703a2f2f6c6f63616c686f73742f6d61732f6173736574732f637573746f6d2f696d672f706572736f6e2e6a7067222077696474683d22333070782220636c6173733d22696d672d636972636c652220616c743d222070726f66696c6520696d616765223e223b733a393a22757365725f74797065223b733a313a2231223b733a31313a22757365725f737461747573223b733a363a22616374697665223b7d),
('qak6lo7g37hdk8l5u3qt12autclmqdhp', '::1', 1548395187, 0x5f5f63695f6c6173745f726567656e65726174657c693a313534383339343933353b6c6f676765645f696e7c613a383a7b733a373a22757365725f6964223b733a3137323a22353966623663376434356336313435363931666232363134363530313931303030303136346266393436663163343166646437376563626663333834373736396665366562333438323734643835363764353438316539386330386530393765353437366636633864633130393861643430313334653361666133336638323177626c5843767a43596f777955454a503274464c77786f4a70614a75686233314d50486e496e516c4263553d223b733a353a22656d61696c223b733a32303a2278696176657239397a31407961686f6f2e636f6d223b733a383a22757365726e616d65223b733a31303a2278696176657239397a31223b733a31303a2266697273745f6e616d65223b733a303a22223b733a393a226c6173745f6e616d65223b733a303a22223b733a363a22617661746172223b733a3131343a223c696d67207372633d22687474703a2f2f6c6f63616c686f73742f6d61732f6173736574732f637573746f6d2f696d672f706572736f6e2e6a7067222077696474683d22333070782220636c6173733d22696d672d636972636c652220616c743d222070726f66696c6520696d616765223e223b733a393a22757365725f74797065223b733a313a2231223b733a31313a22757365725f737461747573223b733a363a22616374697665223b7d),
('c827inbfilkgk41jnleb1qkhuthks7c0', '::1', 1548395592, 0x5f5f63695f6c6173745f726567656e65726174657c693a313534383339353239313b6c6f676765645f696e7c613a383a7b733a373a22757365725f6964223b733a3137323a22353966623663376434356336313435363931666232363134363530313931303030303136346266393436663163343166646437376563626663333834373736396665366562333438323734643835363764353438316539386330386530393765353437366636633864633130393861643430313334653361666133336638323177626c5843767a43596f777955454a503274464c77786f4a70614a75686233314d50486e496e516c4263553d223b733a353a22656d61696c223b733a32303a2278696176657239397a31407961686f6f2e636f6d223b733a383a22757365726e616d65223b733a31303a2278696176657239397a31223b733a31303a2266697273745f6e616d65223b733a303a22223b733a393a226c6173745f6e616d65223b733a303a22223b733a363a22617661746172223b733a3131343a223c696d67207372633d22687474703a2f2f6c6f63616c686f73742f6d61732f6173736574732f637573746f6d2f696d672f706572736f6e2e6a7067222077696474683d22333070782220636c6173733d22696d672d636972636c652220616c743d222070726f66696c6520696d616765223e223b733a393a22757365725f74797065223b733a313a2231223b733a31313a22757365725f737461747573223b733a363a22616374697665223b7d),
('stvni6t5b5hvij5e5ovam3l3horsq731', '::1', 1548395854, 0x5f5f63695f6c6173745f726567656e65726174657c693a313534383339353631353b6c6f676765645f696e7c613a383a7b733a373a22757365725f6964223b733a3137323a22353966623663376434356336313435363931666232363134363530313931303030303136346266393436663163343166646437376563626663333834373736396665366562333438323734643835363764353438316539386330386530393765353437366636633864633130393861643430313334653361666133336638323177626c5843767a43596f777955454a503274464c77786f4a70614a75686233314d50486e496e516c4263553d223b733a353a22656d61696c223b733a32303a2278696176657239397a31407961686f6f2e636f6d223b733a383a22757365726e616d65223b733a31303a2278696176657239397a31223b733a31303a2266697273745f6e616d65223b733a303a22223b733a393a226c6173745f6e616d65223b733a303a22223b733a363a22617661746172223b733a3131343a223c696d67207372633d22687474703a2f2f6c6f63616c686f73742f6d61732f6173736574732f637573746f6d2f696d672f706572736f6e2e6a7067222077696474683d22333070782220636c6173733d22696d672d636972636c652220616c743d222070726f66696c6520696d616765223e223b733a393a22757365725f74797065223b733a313a2231223b733a31313a22757365725f737461747573223b733a363a22616374697665223b7d);

-- --------------------------------------------------------

--
-- Table structure for table `company_setup_tb`
--

CREATE TABLE `company_setup_tb` (
  `company_setup_id` int(11) NOT NULL,
  `cpny_api_id` int(11) NOT NULL,
  `comp_set_code` varchar(100) NOT NULL,
  `comp_set_shortname` varchar(100) NOT NULL,
  `comp_set_type` enum('1') DEFAULT NULL COMMENT '1 - actual cost',
  `comp_set_status_code` varchar(10) NOT NULL,
  `comp_set_company_name` varchar(255) NOT NULL,
  `comp_set_address` longtext NOT NULL,
  `comp_set_office_number` varchar(100) NOT NULL,
  `comp_set_fax_number` varchar(100) NOT NULL,
  `comp_set_website` varchar(100) NOT NULL,
  `comp_set_sec_number` varchar(100) NOT NULL,
  `comp_set_tax_id_or_tin_no` varchar(100) NOT NULL,
  `comp_set_dti_no` varchar(100) NOT NULL,
  `comp_set_payee_code` varchar(100) NOT NULL,
  `comp_bil_billing_setup` varchar(100) NOT NULL,
  `comp_bil_send_billing_setup` enum('1') DEFAULT NULL COMMENT '1 - send billing to this company',
  `comp_bil_send_billing_to` varchar(255) NOT NULL,
  `comp_bil_vat_type` varchar(10) NOT NULL,
  `comp_bil_vtax_code` enum('1') DEFAULT NULL COMMENT '1 - sample value',
  `comp_bil_vtax_code_rate` varchar(50) NOT NULL,
  `comp_bil_ip_admin_fee_rate` varchar(50) NOT NULL,
  `comp_bil_ip_admin_fee_amount` int(11) NOT NULL,
  `comp_bil_op_admin_fee_rate` varchar(50) NOT NULL,
  `comp_bil_op_admin_fee_amount` int(11) NOT NULL,
  `comp_bil_re_admin_fee_rate` varchar(50) NOT NULL,
  `comp_bil_re_admin_fee_amount` int(11) NOT NULL,
  `comp_bil_dc_admin_fee_rate` varchar(50) NOT NULL,
  `comp_bil_dc_admin_fee_amount` int(11) NOT NULL,
  `comp_bil_naf_rate` varchar(50) NOT NULL,
  `comp_bil_naf_amount` int(11) NOT NULL,
  `comp_contr_effectivity` date NOT NULL,
  `comp_contr_expiration` date NOT NULL,
  `comp_contr_corporate_limit` varchar(100) NOT NULL,
  `comp_contr_remarks` longtext NOT NULL,
  `comp_setup_user_id` int(11) NOT NULL,
  `comp_setup_created_date` timestamp NOT NULL DEFAULT CURRENT_TIMESTAMP ON UPDATE CURRENT_TIMESTAMP
) ENGINE=MyISAM DEFAULT CHARSET=latin1;

--
-- Dumping data for table `company_setup_tb`
--

INSERT INTO `company_setup_tb` (`company_setup_id`, `cpny_api_id`, `comp_set_code`, `comp_set_shortname`, `comp_set_type`, `comp_set_status_code`, `comp_set_company_name`, `comp_set_address`, `comp_set_office_number`, `comp_set_fax_number`, `comp_set_website`, `comp_set_sec_number`, `comp_set_tax_id_or_tin_no`, `comp_set_dti_no`, `comp_set_payee_code`, `comp_bil_billing_setup`, `comp_bil_send_billing_setup`, `comp_bil_send_billing_to`, `comp_bil_vat_type`, `comp_bil_vtax_code`, `comp_bil_vtax_code_rate`, `comp_bil_ip_admin_fee_rate`, `comp_bil_ip_admin_fee_amount`, `comp_bil_op_admin_fee_rate`, `comp_bil_op_admin_fee_amount`, `comp_bil_re_admin_fee_rate`, `comp_bil_re_admin_fee_amount`, `comp_bil_dc_admin_fee_rate`, `comp_bil_dc_admin_fee_amount`, `comp_bil_naf_rate`, `comp_bil_naf_amount`, `comp_contr_effectivity`, `comp_contr_expiration`, `comp_contr_corporate_limit`, `comp_contr_remarks`, `comp_setup_user_id`, `comp_setup_created_date`) VALUES
(1, 1, '15080001            ', 'ULI', NULL, '5', 'UNITED LABORATORIES INC.', '66 UNITED ST.', '858-1000', '', '', '', '', '', '', '', NULL, '', '1', NULL, '', '', 0, '', 0, '', 0, '', 0, '', 0, '2018-01-01', '2018-12-31', '', '', 0, '2019-01-09 18:50:38'),
(2, 2, '15080002            ', 'GDC', NULL, '1', 'GREENFIELD DEVELOPMENT CORPORATION', '88 UNITED STREET', '631-8651', '', '', '', '', '', '', '', NULL, '', '1', NULL, '', '', 0, '', 0, '', 0, '', 0, '', 0, '2018-05-01', '2019-04-30', '', '', 0, '2019-01-09 18:50:38'),
(3, 3, '4                   ', 'AEJC', NULL, '1', 'A.E. JIMENEZ & COMPANY', '56 EDSA DOLMAR BUILDING', '726-1271, 726-4561', '', '', '', '', '', '', '', NULL, '', '2', NULL, '', '', 0, '', 0, '', 0, '', 0, '', 0, '2019-01-01', '2019-12-31', '', '', 0, '2019-01-09 18:50:38'),
(4, 4, '232                 ', 'AECON', NULL, '5', 'A.E. JIMENEZ & COMPANY - CONSULTANT', '56 EDSA DOLMAR BUILDING', '726-1271, 726-4561', '', '', '', '', '', '', '', NULL, '', '1', NULL, '', '', 0, '', 0, '', 0, '', 0, '', 0, '2018-01-01', '2018-12-31', '', '', 0, '2019-01-09 18:50:38'),
(5, 5, '52                  ', 'ALI', NULL, '1', 'AMHERST LABORATORIES, INC.', 'UNILAB PHARMA CAMPUS', '858-1000', '', '', '', '', '', '', '', NULL, '', '1', NULL, '', '', 0, '', 0, '', 0, '', 0, '', 0, '2019-01-01', '2019-12-31', '', '', 0, '2019-01-09 18:50:38'),
(6, 6, '43                  ', 'API', NULL, '1', 'AMHERST PARENTERALS, INC.', 'BO. SAN JOSE STA. ROSA', '520-8496', '', '', '', '', '', '', '', NULL, '', '1', NULL, '', '', 0, '', 0, '', 0, '', 0, '', 0, '2018-10-01', '2019-09-30', '', '', 0, '2019-01-09 18:50:38'),
(7, 7, '2                   ', 'APSAI', NULL, '1', 'ARMADILLO PROTECTIVE SECURITY AGENCY INC.', '17 SHERIDAN ST.', '631-8060', '', '', '', '', '', '', '', NULL, '', '1', NULL, '', '', 0, '', 0, '', 0, '', 0, '', 0, '2018-04-01', '2019-03-31', '', '', 0, '2019-01-09 18:50:38'),
(8, 8, '3                   ', 'AAI', NULL, '1', 'ASIAN ANTIBIOTICS INC.', '130 PIONEER ST.', '858-1000', '', '', '', '', '', '', '', NULL, '', '1', NULL, '', '', 0, '', 0, '', 0, '', 0, '', 0, '2018-05-15', '2019-05-14', '', '', 0, '2019-01-09 18:50:38'),
(9, 9, '6                   ', 'BFI', NULL, '1', 'BIOFEMME INC.', '3RD FLR. BONAVENTURE PLAZA', '858-1000', '', '', '', '', '', '', '', NULL, '', '1', NULL, '', '', 0, '', 0, '', 0, '', 0, '', 0, '2019-01-01', '2019-12-31', '', '', 0, '2019-01-09 18:50:38'),
(10, 10, '264                 ', 'BBI', NULL, '1', 'BIZBOX INC', 'UNIT 1103 11TH FLOOR', '750-7088 local 121 & 122', '', '', '', '', '', '', '', NULL, '', '1', NULL, '', '', 0, '', 0, '', 0, '', 0, '', 0, '2018-02-15', '2019-02-14', '', '', 0, '2019-01-09 18:50:38'),
(11, 11, '7                   ', 'BIBC', NULL, '1', 'BONIFACIO INSURANCE BROKER CORP', '132 PIONEER STREET', '631-8351, 631-8352', '', '', '', '', '', '', '', NULL, '', '1', NULL, '', '', 0, '', 0, '', 0, '', 0, '', 0, '2018-10-01', '2019-09-30', '', '', 0, '2019-01-09 18:50:38'),
(12, 12, '223                 ', 'CRIBS', NULL, '1', 'CRIBS FOUNDATION, INC.', '15 MAJOR DIZON ST.', '6471329; 6818078; 6815921; 681', '', '', '', '', '', '', '', NULL, '', '1', NULL, '', '', 0, '', 0, '', 0, '', 0, '', 0, '2018-11-20', '2019-11-19', '', '', 0, '2019-01-09 18:50:38'),
(13, 13, '87                  ', 'DMPI', NULL, '5', 'DEL MONTE PHILIPPINES, INC', 'JY Campos Center, 9th Avenue corner 30th street Bonifacio Global City', '856-2888 loc 1802', '', '', '', '', '', '', '', NULL, '', '1', NULL, '', '', 0, '', 0, '', 0, '', 0, '', 0, '2017-01-01', '2017-12-31', '', '', 0, '2019-01-09 18:50:38'),
(14, 14, '12                  ', 'DDIC', NULL, '1', 'DYNAVISION DEVELOPMENT & INVESTMENT CORPORATION', 'GDC CORPORATE OFFICE PLYMOUTH', '0', '', '', '', '', '', '', '', NULL, '', '1', NULL, '', '', 0, '', 0, '', 0, '', 0, '', 0, '2018-05-01', '2019-04-30', '', '', 0, '2019-01-09 18:50:38'),
(15, 15, '193                 ', 'EPVI', NULL, '1', 'EQUUS PROPERTY VENTURE, INC.', '88 UNITED STREET', '631-8651', '', '', '', '', '', '', '', NULL, '', '1', NULL, '', '', 0, '', 0, '', 0, '', 0, '', 0, '2018-05-01', '2019-04-30', '', '', 0, '2019-01-09 18:50:38'),
(16, 16, '176                 ', 'FAB', NULL, '1', 'FIL ASIA BUSINESS CONSULTANTS, INC.', '66 UNITED ST', '858-1000', '', '', '', '', '', '', '', NULL, '', '1', NULL, '', '', 0, '', 0, '', 0, '', 0, '', 0, '2019-01-01', '2019-12-31', '', '', 0, '2019-01-09 18:50:38'),
(17, 17, '109                 ', 'FPDI', NULL, '1', 'FIRST PIONEER DISTRIBUTION, INC.', 'GATE 3 FPDI COMPOUND', '858-1000 loc 2038, 049-5124000', '', '', '', '', '', '', '', NULL, '', '1', NULL, '', '', 0, '', 0, '', 0, '', 0, '', 0, '2018-06-01', '2019-05-31', '', '', 0, '2019-01-09 18:50:38'),
(18, 18, '86                  ', 'FPDA', NULL, '5', 'FPD ASIA PROPERTY SERVICES,INC', 'The Penthouse, 24H City Hotel, 1406 Balagtas st. cor Vito Cruz Ext.', '815-3737 local 3859,3873, 815-', '', 'www.fpdasia.net', '', '', '', '', '', NULL, '', '1', NULL, '', '', 0, '', 0, '', 0, '', 0, '', 0, '2014-11-01', '2016-03-31', '', '', 0, '2019-01-09 18:50:38'),
(19, 19, '146                 ', 'FPDG', NULL, '5', 'FPD GLOBAL INTEGRATED SERVICES, INC.', '5TH FLR. NET ONE CENTER 26TH S', '815-3737', '', '', '', '', '', '', '', NULL, '', '1', NULL, '', '', 0, '', 0, '', 0, '', 0, '', 0, '2015-07-01', '2016-06-30', '', '', 0, '2019-01-09 18:50:38'),
(20, 20, '16                  ', 'GIRMI', NULL, '1', 'GREENFIELD INFRASTRACTURE RESOURCES MANAGEMENT INC', 'GDC CORPORATE OFFICE PLYMOUTH', '631-8651', '', '', '', '', '', '', '', NULL, '', '1', NULL, '', '', 0, '', 0, '', 0, '', 0, '', 0, '2018-05-01', '2019-04-30', '', '', 0, '2019-01-09 18:50:38'),
(21, 21, '66                  ', 'HDSI', NULL, '1', 'HEALTH DELIVERY SYSTEM INC.', 'LEVEL 3 SOHO CENTRAL', '634-5714', '', '', '', '', '', '', '', NULL, '', '1', NULL, '', '', 0, '', 0, '', 0, '', 0, '', 0, '2019-01-01', '2019-12-31', '', '', 0, '2019-01-09 18:50:38'),
(22, 22, '20                  ', 'IDGAC', NULL, '1', 'IMPERIAL DE GUZMAN, ABALOS & CO., INC', 'GROUND FLOOR, EDSA CENTRAL SQU', '6332686, 6335469, 6388452', '', '', '', '', '', '', '', NULL, '', '1', NULL, '', '', 0, '', 0, '', 0, '', 0, '', 0, '2018-05-01', '2019-04-30', '', '', 0, '2019-01-09 18:50:38'),
(23, 23, '94                  ', 'INNOVITELLE', NULL, '5', 'INNOVITELLE, INC', '2/F BONAVENTURE PLAZA', '726-5667', '', '', '', '', '', '', '', NULL, '', '1', NULL, '', '', 0, '', 0, '', 0, '', 0, '', 0, '2018-01-01', '2018-12-31', '', '', 0, '2019-01-09 18:50:38'),
(24, 24, '226                 ', 'LCBSI', NULL, '1', 'LEOPARD CONNECTIVITY BUSINESS SOLUTIONS INC.', '88 UNITED STREET', '631-8651', '', '', '', '', '', '', '', NULL, '', '1', NULL, '', '', 0, '', 0, '', 0, '', 0, '', 0, '2019-01-02', '2020-01-01', '', '', 0, '2019-01-09 18:50:38'),
(25, 25, '27                  ', 'MONI', NULL, '1', 'MARKETERS ONE NETWORK INC.', 'GDC CORPORATE OFFICE PLYMOUTH', '631-8651', '', '', '', '', '', '', '', NULL, '', '1', NULL, '', '', 0, '', 0, '', 0, '', 0, '', 0, '2018-05-01', '2019-04-30', '', '', 0, '2019-01-09 18:50:38'),
(26, 26, '119                 ', 'MRS', NULL, '1', 'MEDFORD RX SOLUTIONS, INC', '3RD FLOOR MAGNITUDE BUILDING', '333-3300', '', '', '', '', '', '', '', NULL, '', '1', NULL, '', '', 0, '', 0, '', 0, '', 0, '', 0, '2018-09-16', '2019-09-15', '', '', 0, '2019-01-09 18:50:38'),
(27, 27, '29                  ', 'MPI', NULL, '1', 'MEDICHEM PHARMACEUTICALS INC.', '#108 RADA ST. LEGASPI VILL.', '858-1000', '', '', '', '', '', '', '', NULL, '', '1', NULL, '', '', 0, '', 0, '', 0, '', 0, '', 0, '2019-01-01', '2019-12-31', '', '', 0, '2019-01-09 18:50:38'),
(28, 28, '30                  ', 'MSPI', NULL, '1', 'MERISANT SWEETENER (PHILS.) INC.', 'UNIT 603, 6TH FLOOR', '720-5424 to 25', '', '', '', '', '', '', '', NULL, '', '1', NULL, '', '', 0, '', 0, '', 0, '', 0, '', 0, '2019-01-01', '2019-12-31', '', '', 0, '2019-01-09 18:50:38'),
(29, 29, '197                 ', 'MGH', NULL, '1', 'MOUNT GRACE HOSPITAL VENTURES, INC.', 'BAYANIHAN ANNEX', '858-1000', '', '', '', '', '', '', '', NULL, '', '1', NULL, '', '', 0, '', 0, '', 0, '', 0, '', 0, '2018-02-18', '2019-02-17', '', '', 0, '2019-01-09 18:50:38'),
(30, 30, '301                 ', 'NRI', NULL, '5', 'NOMURA RESEARCH INSTITUTE ASIA PACIFIC PTE. LTD.', '27TH FLOOR, YUCHENGCO TOWER AYALA CORNER SEN. GIL PUYAT AVENUES', '757-1946', '', '', '', '', '', '', '', NULL, '', '1', NULL, '', '', 0, '', 0, '', 0, '', 0, '', 0, '2015-05-01', '2016-04-30', '', '', 0, '2019-01-09 18:50:38'),
(31, 31, '19                  ', 'NAI', NULL, '1', 'NUTRIASIA, INC.', 'JY Campos Centre, 9th Ave. cor 30th St. Bonifacio Global City', '662-2888', '', '', '', '', '', '', '', NULL, '', '1', NULL, '', '', 0, '', 0, '', 0, '', 0, '', 0, '2018-05-01', '2019-04-30', '', '', 0, '2019-01-09 18:50:38'),
(32, 32, '107                 ', 'PTI', NULL, '1', 'PAPERTECH, INC.', '835 FELIPE PIKE ST', '671-0984', '', '', '', '', '', '', '', NULL, '', '1', NULL, '', '', 0, '', 0, '', 0, '', 0, '', 0, '2018-04-16', '2019-04-15', '', '', 0, '2019-01-09 18:50:38'),
(33, 33, '39                  ', 'PI', NULL, '1', 'PEDIATRICA INC.', '3RD FLR. BONAVENTURE PLAZA GRE', '858-1000', '', '', '', '', '', '', '', NULL, '', '1', NULL, '', '', 0, '', 0, '', 0, '', 0, '', 0, '2019-01-01', '2019-12-31', '', '', 0, '2019-01-09 18:50:38'),
(34, 34, '40                  ', 'PFMI', NULL, '1', 'PHILHEALTH FOOD MFG. INC.', 'BO. SAN JOSE STA. ROSA', '858-1000 local 2544', '', '', '', '', '', '', '', NULL, '', '1', NULL, '', '', 0, '', 0, '', 0, '', 0, '', 0, '2018-10-01', '2019-09-30', '', '', 0, '2019-01-09 18:50:38'),
(35, 35, '244                 ', 'PROP', NULL, '1', 'PROFESSIONAL PARKING MANAGEMENT CORPORATION', '1409 WEST TOWER PHILIPPINE STO', '584 1177 loc. 102', '', '', '', '', '', '', '', NULL, '', '1', NULL, '', '', 0, '', 0, '', 0, '', 0, '', 0, '2018-06-15', '2019-06-14', '', '', 0, '2019-01-09 18:50:38'),
(36, 36, '211                 ', 'PSI', NULL, '0', 'PSI PRESCRIPTION SOLUTIONS CORP.', 'G/F PODIUM BLDG. THE MEDICAL C', '333-3300', '', '', '', '', '', '', '', NULL, '', '0', NULL, '', '', 0, '', 0, '', 0, '', 0, '', 0, '1900-01-01', '1900-01-01', '', '', 0, '2019-01-09 18:50:38'),
(37, 37, '95                  ', 'QHI', NULL, '1', 'QUALIFIRST HEALTH INC', 'UNIT 902, 9TH FLR CITYSTATE BL', '0', '', '', '', '', '', '', '', NULL, '', '1', NULL, '', '', 0, '', 0, '', 0, '', 0, '', 0, '2019-01-01', '2019-12-31', '', '', 0, '2019-01-09 18:50:38'),
(38, 38, '90                  ', 'RCC', NULL, '1', 'R.C. CAUGMA & COMPANY', '750 SHAW BLVD', '634-7350, 634-5087', '', '', '', '', '', '', '', NULL, '', '1', NULL, '', '', 0, '', 0, '', 0, '', 0, '', 0, '2019-01-01', '2019-12-31', '', '', 0, '2019-01-09 18:50:38'),
(39, 39, '290                 ', 'SEKAYA', NULL, '1', 'SENTRONG PANGKATUTUBONG YAMAN, INC.', 'UNITED STREET COR PIONEER ST.', '858-1000', '', '', '', '', '', '', '', NULL, '', '2', NULL, '', '', 0, '', 0, '', 0, '', 0, '', 0, '2018-07-01', '2019-06-30', '', '', 0, '2019-01-09 18:50:38'),
(40, 40, '45                  ', 'STTAI', NULL, '1', 'SPECTRUM TRAVEL & TOURS AGENCY  INC.', '2ND FLR. GDC BLDG. 750 SHAW BL', '637-1294, 949-4020', '', '', '', '', '', '', '', NULL, '', '1', NULL, '', '', 0, '', 0, '', 0, '', 0, '', 0, '2018-05-01', '2019-04-30', '', '', 0, '2019-01-09 18:50:38'),
(41, 41, '257                 ', 'URHI', NULL, '5', 'ULTRA RESOURCES HOLDINGS INC', 'UNILAB', '.', '', '', '', '', '', '', '', NULL, '', '1', NULL, '', '', 0, '', 0, '', 0, '', 0, '', 0, '2015-09-01', '2017-05-04', '', '', 0, '2019-01-09 18:50:38'),
(42, 42, '241                 ', 'ULC', NULL, '1', 'UNILAB CONSULTANT', '66 UNITED ST.', '858-1000', '', '', '', '', '', '', '', NULL, '', '1', NULL, '', '', 0, '', 0, '', 0, '', 0, '', 0, '2019-01-01', '2019-12-31', '', '', 0, '2019-01-09 18:50:38'),
(43, 43, '184                 ', 'ULF', NULL, '1', 'UNILAB FOUNDATION', '2/F BAYANIHAN CENTER', '234-5450', '', '', '', '', '', '', '', NULL, '', '1', NULL, '', '', 0, '', 0, '', 0, '', 0, '', 0, '2019-01-01', '2019-12-31', '', '', 0, '2019-01-09 18:50:38'),
(44, 44, '92                  ', 'UAI', NULL, '1', 'UNILABAIR, INC', 'UNILABAIR HANGAR, NORTH SECTOR', '551-4084', '', '', '', '', '', '', '', NULL, '', '1', NULL, '', '', 0, '', 0, '', 0, '', 0, '', 0, '2019-01-01', '2019-12-31', '', '', 0, '2019-01-09 18:50:38'),
(45, 45, '104                 ', 'UBF', NULL, '1', 'UNITED BAYANIHAN FOUNDATION', 'SHERIDAN', '858-1000', '', '', '', '', '', '', '', NULL, '', '1', NULL, '', '', 0, '', 0, '', 0, '', 0, '', 0, '2019-01-01', '2019-12-31', '', '', 0, '2019-01-09 18:50:38'),
(46, 46, '47                  ', 'UBFR', NULL, '1', 'UNITED BAYANIHAN FOUNDATION RETIREES', '66 UNITED ST.', '858-1000', '', '', '', '', '', '', '', NULL, '', '1', NULL, '', '', 0, '', 0, '', 0, '', 0, '', 0, '2019-01-01', '2019-12-31', '', '', 0, '2019-01-09 18:50:38'),
(47, 47, '42                  ', 'UNAHCO', NULL, '1', 'UNIVET NUTRITION & ANIMAL HEALTHCARE COMPANY INC.', '17 SHERIDAN ST', '858-1000', '', '', '', '', '', '', '', NULL, '', '1', NULL, '', '', 0, '', 0, '', 0, '', 0, '', 0, '2018-10-01', '2019-09-30', '', '', 0, '2019-01-09 18:50:38'),
(48, 48, '51                  ', 'WPI', NULL, '1', 'WESTMONT PHARMACEUTICALS INC.', '4TH FLR. BONAVENTURE PLAZA GRE', '858-1000', '', '', '', '', '', '', '', NULL, '', '1', NULL, '', '', 0, '', 0, '', 0, '', 0, '', 0, '2019-01-01', '2019-12-31', '', '', 0, '2019-01-09 18:50:38'),
(49, 49, '294                 ', 'ZICP', NULL, '1', 'ZERO-IN CONCEPT & PRODUCTION', '3 GEMINI ST CRUZVILLE SUBD', '418-3992', '', '', '', '', '', '', '', NULL, '', '1', NULL, '', '', 0, '', 0, '', 0, '', 0, '', 0, '2018-03-29', '2019-03-28', '', '', 0, '2019-01-09 18:50:38'),
(50, 50, '221                 ', 'RHSI', NULL, '1', 'RELIANCE HEALTH SERVICES, INC.', '66 UNITED ST', '', '', '', '', '', '', '', '', NULL, '', '1', NULL, '', '', 0, '', 0, '', 0, '', 0, '', 0, '2019-01-01', '2019-12-31', '', '', 0, '2019-01-09 18:50:38'),
(51, 51, '308                 ', 'PPI', NULL, '1', 'PARKWISE PHILIPPINES, INC.', 'Unit 1610, 16th Floor, East Tower, Philippine Stock Exchange Center, Ortigas Center', '584 1177 loc. 102', '', '', '', '', '', '', '', NULL, '', '1', NULL, '', '', 0, '', 0, '', 0, '', 0, '', 0, '2018-06-15', '2019-06-14', '', '', 0, '2019-01-09 18:50:38'),
(52, 52, '15100052            ', 'EMSI', NULL, '5', 'EXCELLANCE MANAGEMENT SERVICES INC.', '2ND FLOOR, REAR BLDG, FCCCMI COMP. 148 SHAW BLVD, BAGONG SILANG', '', '', '', '', '', '', '', '', NULL, '', '1', NULL, '', '', 0, '', 0, '', 0, '', 0, '', 0, '2017-11-01', '2018-10-31', '', '', 0, '2019-01-09 18:50:38'),
(53, 53, 'C00363              ', 'TRP', NULL, '1', 'SOFTWARE CELLULAR NETWORK LIMITED-PHIL BRANCH (TRUPHONE)', '17TH FLOOR, I SQUARE BUILDING 15 MERALCO AVENUE', '477-9360', '', '', '', '', '', '', '', NULL, '', '2', NULL, '', '', 0, '', 0, '', 0, '', 0, '', 0, '2018-03-01', '2019-02-28', '', '', 0, '2019-01-09 18:50:38'),
(54, 54, 'C00352              ', 'NHMI', NULL, '5', 'NATURAL HEALTH MATTERS, INC.', '2F, GOTHIC SALES BLDG., 88 SHAW BLVD.,', '0917-8760736', '', '', '', '', '', '', '', NULL, '', '2', NULL, '', '', 0, '', 0, '', 0, '', 0, '', 0, '2017-03-01', '2018-02-28', '', '', 0, '2019-01-09 18:50:38'),
(55, 55, '16040055            ', 'SANFORD', NULL, '5', 'SANFORD CORPORATION', 'KM. 14, EDISON AVENUE, WEST SERVICE ROAD, SOUTH SUPERHIGHWAY', '821-6734 to 36', '', '', '', '', '', '', '', NULL, '', '1', NULL, '', '', 0, '', 0, '', 0, '', 0, '', 0, '2016-04-15', '2017-04-14', '', '', 0, '2019-01-09 18:50:38'),
(56, 56, '178                 ', 'QSCV', NULL, '1', 'QSCV CORPORATION', 'MC DONALDS STREET COR. SUMULONG HIGHWAY STO NI?O', '', '', '', '', '', '', '', '', NULL, '', '1', NULL, '', '', 0, '', 0, '', 0, '', 0, '', 0, '2018-04-01', '2019-03-31', '', '', 0, '2019-01-09 18:50:38'),
(57, 57, '390                 ', 'AMEURO', NULL, '1', 'AM-EUROPHARMA CORPORATION', '9042 GP SAIMSIM,', '425-0514 / 871-2046 / (049) 576-6135 or 576-6352', '', '', '', '', '', '', '', NULL, '', '1', NULL, '', '', 0, '', 0, '', 0, '', 0, '', 0, '2018-05-01', '2019-04-30', '', '', 0, '2019-01-09 18:50:38'),
(58, 58, '391                 ', 'BDI', NULL, '1', 'BRITTON DISTRIBUTIONS, INC.', 'UNIT 17-B STRATA 2000 BLDG. #9 F. ORTIGAS JR. ROAD, ORTIGAS CENTER', '636-3692', '', '', '', '', '', '', '', NULL, '', '1', NULL, '', '', 0, '', 0, '', 0, '', 0, '', 0, '2018-06-30', '2019-06-29', '', '', 0, '2019-01-09 18:50:38'),
(59, 59, '123                 ', 'ITI', NULL, '5', 'INZPECT TECHNOLOGIES, INC.', 'LOT 23, BLOCK 6, C5 SERVICE ROAD, PHASE 1, PINAGSAMA VILLAGE', '553 9142 / 553-9142 to 44', '', '', '', '', '', '', '', NULL, '', '1', NULL, '', '', 0, '', 0, '', 0, '', 0, '', 0, '2016-05-12', '2017-05-11', '', '', 0, '2019-01-09 18:50:38'),
(60, 60, '396                 ', 'VEHIULI', NULL, '1', 'FIRST LIFE FINANCIAL COMPANY, INC. VEHI ULI', 'FIRST LIFE CENTER, 174 SALCEDO ST. LEGASPI VILLAGE', '893-3024', '', '', '', '', '', '', '', NULL, '', '1', NULL, '', '', 0, '', 0, '', 0, '', 0, '', 0, '2019-01-01', '2019-12-31', '', '', 0, '2019-01-09 18:50:38'),
(61, 61, '397                 ', 'ECI', NULL, '1', 'EUROCARE PHARMA, INC.', 'KM. 21, EAST SERVICE ROAD SOUTH LUZON EXPRESSWAY CUPANG', '623-6721, 9387902', '', '', '', '', '', '', '', NULL, '', '1', NULL, '', '', 0, '', 0, '', 0, '', 0, '', 0, '2018-05-01', '2019-04-30', '', '', 0, '2019-01-09 18:50:38'),
(62, 62, '398                 ', 'SPPI', NULL, '1', 'SURECHOICE PHARMA PHILS., INC.', 'KM. 21, EAST SERVICE ROAD SOUTH LUZON EXPRESSWAY, CUPANG', '807-1057', '', '', '', '', '', '', '', NULL, '', '1', NULL, '', '', 0, '', 0, '', 0, '', 0, '', 0, '2018-05-01', '2019-04-30', '', '', 0, '2019-01-09 18:50:38'),
(63, 63, '407                 ', 'SYN', NULL, '1', 'SYNNOVATE', 'UNILAB PHARMA CAMPUS MAMPLASAN', '8581000', '', '', '', '', '', '', '', NULL, '', '1', NULL, '', '', 0, '', 0, '', 0, '', 0, '', 0, '2019-01-01', '2019-12-31', '', '', 0, '2019-01-09 18:50:38'),
(64, 64, '473                 ', 'HCRI', NULL, '5', 'HYDRA CENTAURUS RESEARCH INC.', 'UNIT 204, RELIANCE IT CENTER, 99 E. RODRIGUEZ JR. AVE BRGY. UGONG', '', '', '', '', '', '', '', '', NULL, '', '1', NULL, '', '', 0, '', 0, '', 0, '', 0, '', 0, '2016-09-06', '2017-09-05', '', '', 0, '2019-01-09 18:50:38'),
(65, 65, '316                 ', 'MSI', NULL, '1', 'MERIDIAN SECURITIES, INC.', '2702-B & C EAST TOWER, PSE CENTRE, EXCHANGE ROAD, ORTIGAS CENTER', '(02) 635 6262 to 64', '', '', '', '', '', '', '', NULL, '', '1', NULL, '', '', 0, '', 0, '', 0, '', 0, '', 0, '2018-04-20', '2019-04-19', '', '', 0, '2019-01-09 18:50:38'),
(66, 66, 'BIOBALANCE          ', 'BBWI', NULL, '1', 'BIOBALANCE WELLNESS, INC.', '', '', '', '', '', '', '', '', '', NULL, '', '1', NULL, '', '', 0, '', 0, '', 0, '', 0, '', 0, '2018-08-02', '2019-08-01', '', '', 0, '2019-01-09 18:50:38'),
(67, 67, 'C00393              ', 'OMNIQUEST', NULL, '1', 'OMNIQUEST, INC.', '132 PIONEER, HIGHWAY HILLS, MANDALUYONG CITY', '', '', '', '', '', '', '', '', NULL, '', '1', NULL, '', '', 0, '', 0, '', 0, '', 0, '', 0, '2018-08-23', '2019-08-22', '', '', 0, '2019-01-09 18:50:38'),
(68, 68, 'C00121              ', 'EJAP', NULL, '5', 'ECONOMIC JOURNALISTS ASSOCIATION OF THE PHILIPPINES, INC', 'G/F PRESS OFFICE, BOARD PF INV385 SEN. GIL PUYAT, AVENUE', '', '', '', '', '', '', '', '', NULL, '', '1', NULL, '', '', 0, '', 0, '', 0, '', 0, '', 0, '2016-09-01', '2017-08-31', '', '', 0, '2019-01-09 18:50:38'),
(69, 69, 'C00142              ', 'AOHI', NULL, '1', 'ACTIVEONE HEALTH INC', '88 CORPORATE CENTER 9, 141 SEDENO COR VALERO SALCEDO VILL', '', '', '', '', '', '', '', '', NULL, '', '1', NULL, '', '', 0, '', 0, '', 0, '', 0, '', 0, '2018-10-01', '2019-09-30', '', '', 0, '2019-01-09 18:50:38'),
(70, 70, 'C00509              ', 'SOLIDBASE SERVICES .', NULL, '1', 'SOLIDBASE SERVICES INC.', '8TH FLOOR ROOM 804, TOWER II,', '02) 747-8439 | (02) 7198384', '', '', '', '', '', '', '', NULL, '', '1', NULL, '', '', 0, '', 0, '', 0, '', 0, '', 0, '2018-10-01', '2019-09-30', '', '', 0, '2019-01-09 18:50:38'),
(71, 71, 'C00511              ', 'BEI', NULL, '1', 'BENBY ENTERPRISES, INC.', '216 BANAWE ST. BRGY. MANRESA,', '8323629', '', '', '', '', '', '', '', NULL, '', '1', NULL, '', '', 0, '', 0, '', 0, '', 0, '', 0, '2018-10-16', '2019-10-15', '', '', 0, '2019-01-09 18:50:38'),
(72, 72, '517                 ', 'GYMBOREE', NULL, '1', 'GYMBOREE MARKETING INTERNATIONAL INC.', '216 BANAWE ST. BRGY. MANRESA,', '8323629', '', '', '', '', '', '', '', NULL, '', '1', NULL, '', '', 0, '', 0, '', 0, '', 0, '', 0, '2018-10-16', '2019-10-15', '', '', 0, '2019-01-09 18:50:38'),
(73, 73, '16100073            ', 'BRANDLINES', NULL, '1', 'BRANDLINES ENTERPRISES INC.', '216 BANAWE ST. BRGY. MANRESA,', '8323629', '', '', '', '', '', '', '', NULL, '', '1', NULL, '', '', 0, '', 0, '', 0, '', 0, '', 0, '2018-10-16', '2019-10-15', '', '', 0, '2019-01-09 18:50:38'),
(74, 74, '536                 ', 'SMART AND PLAN', NULL, '5', 'SMART AND PLAN CONSTRUCTION AND CONSULTANT S, INC.', 'AC TOWER BLDG., 23RD FLOOR, 31, THE FORT BGC, TAGUIG CITY', '(02) 808.8055', '', '', '', '', '', '', '', NULL, '', '0', NULL, '', '', 0, '', 0, '', 0, '', 0, '', 0, '2016-11-15', '2017-11-14', '', '', 0, '2019-01-09 18:50:38'),
(75, 75, 'C00537              ', 'BENBY', NULL, '5', 'BENBY ENTERPRISES, INC. (DEP)', '216 BANAWE ST. BRGY. MANRESA,', '8323629', '', '', '', '', '', '', '', NULL, '', '1', NULL, '', '', 0, '', 0, '', 0, '', 0, '', 0, '2017-12-01', '2018-11-30', '', '', 0, '2019-01-09 18:50:38'),
(76, 76, 'C00538              ', 'GYMBOREE', NULL, '5', 'GYMBOREE MARKETING INTERNATIONAL INC. (DEP)', '216 BANAWE ST. BRGY. MANRESA,', '', '', '', '', '', '', '', '', NULL, '', '1', NULL, '', '', 0, '', 0, '', 0, '', 0, '', 0, '2017-12-01', '2018-11-30', '', '', 0, '2019-01-09 18:50:38'),
(77, 77, 'C00539              ', 'BRANDLINES', NULL, '5', 'BRANDLINES ENTERPRISES INC. (DEP)', '216 BANAWE ST. BRGY. MANRESA,         Q', '8323629', '', '', '', '', '', '', '', NULL, '', '1', NULL, '', '', 0, '', 0, '', 0, '', 0, '', 0, '2017-12-01', '2018-11-30', '', '', 0, '2019-01-09 18:50:38'),
(78, 78, '17010078            ', 'ULS', NULL, '1', 'UNILAB STOCKHOLDER', 'C/O UNILAB', '8581000', '', '', '', '', '', '', '', NULL, '', '1', NULL, '', '', 0, '', 0, '', 0, '', 0, '', 0, '2019-01-01', '2019-12-31', '', '', 0, '2019-01-09 18:50:38'),
(79, 79, 'C00561              ', 'PHAREX', NULL, '1', 'PHAREX HEALTH CORP.', 'UNITS 101-102, G/F BLDG. Alpha, UP Ayala Technohub, Commonwealth Avenue, Diliman', '', '', '', '', '', '', '', '', NULL, '', '1', NULL, '', '', 0, '', 0, '', 0, '', 0, '', 0, '2018-02-01', '2019-01-31', '', '', 0, '2019-01-09 18:50:38'),
(80, 80, '17020080            ', 'APF', NULL, '1', 'ASA PHILIPPINES FOUNDATION', '15TH FLOOR PRESTIGE TOWER, F ORTIGAS JR RD ORTIGAS CENTER', '', '', '', '', '', '', '', '', NULL, '', '1', NULL, '', '', 0, '', 0, '', 0, '', 0, '', 0, '2018-02-01', '2019-01-31', '', '', 0, '2019-01-09 18:50:38'),
(81, 81, '17020081            ', 'FBDC', NULL, '1', 'FORT BONIFACIO DEVELOPMENT CORPORATION', '2F BONIFACIO TECHNOLOGY CENTER 31ST ST., COR 2ND AVE., BGC', '8183601', '', '', '', '', '', '', '', NULL, '', '1', NULL, '', '', 0, '', 0, '', 0, '', 0, '', 0, '2018-02-06', '2019-02-05', '', '', 0, '2019-01-09 18:50:38'),
(82, 82, 'C00572              ', 'BELMONT', NULL, '1', 'BELMONT SOFTGEL PHARMA CORPORATION', 'FLORIDA BLANCA INTERCHANGE SCTEX, BRGY FLORIDA BLANCA', '8581829', '', '', '', '', '', '', '', NULL, '', '1', NULL, '', '', 0, '', 0, '', 0, '', 0, '', 0, '2018-02-13', '2019-02-12', '', '', 0, '2019-01-09 18:50:38'),
(83, 83, '17020083            ', 'ADFI', NULL, '1', 'ASSISI DEVELOPMENT FOUNDATION, INC.', 'UNIT 503 PRESTIGE TOWER, F. ORTIGAS JR. ROAD, ORTIGAS CENTER', '632-1001 to 03', '', '', '', '', '', '', '', NULL, '', '1', NULL, '', '', 0, '', 0, '', 0, '', 0, '', 0, '2018-02-01', '2019-01-31', '', '', 0, '2019-01-09 18:50:38'),
(84, 84, '17020084            ', 'BTC', NULL, '1', 'BONIFACIO TRANSPORT CORPORATION', '2F BONIFACIO TECHNOLOGY CENTER 31ST ST., COR 2ND AVE., BGC', '8183601', '', '', '', '', '', '', '', NULL, '', '1', NULL, '', '', 0, '', 0, '', 0, '', 0, '', 0, '2018-02-06', '2019-02-05', '', '', 0, '2019-01-09 18:50:38'),
(85, 85, '17020085            ', 'BGC', NULL, '1', 'BONIFACIO GAS CORPORATION', '2F BONIFACIO TECHNOLOGY CENTER 31ST ST., COR 2ND AVE., BGC', '8183601', '', '', '', '', '', '', '', NULL, '', '1', NULL, '', '', 0, '', 0, '', 0, '', 0, '', 0, '2018-02-06', '2019-02-05', '', '', 0, '2019-01-09 18:50:38'),
(86, 86, '17020086            ', 'BAFI', NULL, '1', 'BONIFACIO ART FOUNDATION, INC.', '2F BONIFACIO TECHNOLOGY CENTER 31ST ST., COR 2ND AVE., BGC', '', '', '', '', '', '', '', '', NULL, '', '1', NULL, '', '', 0, '', 0, '', 0, '', 0, '', 0, '2018-02-06', '2019-02-05', '', '', 0, '2019-01-09 18:50:38'),
(87, 87, '17020087            ', 'BESC', NULL, '1', 'BONIFACIO ESTATE SERVICES CORPORATION', '2F BONIFACIO TECHNOLOGY CENTER 31ST ST., COR 2ND AVE., BGC', '', '', '', '', '', '', '', '', NULL, '', '1', NULL, '', '', 0, '', 0, '', 0, '', 0, '', 0, '2018-02-06', '2019-02-05', '', '', 0, '2019-01-09 18:50:38'),
(88, 88, '17020088            ', 'BWC', NULL, '1', 'BONIFACIO WATER CORPORATION', '2F BONIFACIO TECHNOLOGY CENTER 31ST ST., COR 2ND AVE., BGC', '8183601', '', '', '', '', '', '', '', NULL, '', '1', NULL, '', '', 0, '', 0, '', 0, '', 0, '', 0, '2018-02-06', '2019-02-05', '', '', 0, '2019-01-09 18:50:38'),
(89, 89, '17020089            ', 'FBDF', NULL, '1', 'FORT BONIFACIO DEVELOPMENT FOUNDATION INC.', '2F BONIFACIO TECHNOLOGY CENTER 31ST ST., COR 2ND AVE., BGC', '8183601', '', '', '', '', '', '', '', NULL, '', '1', NULL, '', '', 0, '', 0, '', 0, '', 0, '', 0, '2018-02-06', '2019-02-05', '', '', 0, '2019-01-09 18:50:38'),
(90, 90, '17040090            ', 'BSA', NULL, '5', 'BRIDGE SOUTHEAST ASIA', 'SUITE 1005 THE INFINITY TOWER 26TH BONIFACIO GLOBAL CITY', '', '', '', '', '', '', '', '', NULL, '', '1', NULL, '', '', 0, '', 0, '', 0, '', 0, '', 0, '2017-04-01', '2018-06-15', '', '', 0, '2019-01-09 18:50:38'),
(91, 91, '17040091            ', 'HOTEL CELESTE', NULL, '1', 'SUITE HOMES, INC', '02 SAN LORENZO DRIVE CORNER A. ARNAIZ AVE., SAN LORENZO VILLAGE', '887-8080', '', '', '', '', '', '', '', NULL, '', '1', NULL, '', '', 0, '', 0, '', 0, '', 0, '', 0, '2018-04-10', '2019-04-09', '', '', 0, '2019-01-09 18:50:38'),
(92, 92, '17040092            ', 'ZTPPI', NULL, '1', 'ZEPHYR TISSUE PAPER PRODUCTS, INC.', '835 FELIPE PIKE STREET BAGONG ILOG', '', '', '', '', '', '', '', '', NULL, '', '1', NULL, '', '', 0, '', 0, '', 0, '', 0, '', 0, '2018-04-16', '2019-04-15', '', '', 0, '2019-01-09 18:50:38'),
(93, 93, '17040093            ', 'APMI', NULL, '1', 'AVON PRODUCTS MANUFACTURING, INC', 'CPIP, BATINO, CALAMBA LAGUNA', '', '', '', '', '', '', '', '', NULL, '', '1', NULL, '', '', 0, '', 0, '', 0, '', 0, '', 0, '2018-04-01', '2019-03-31', '', '', 0, '2019-01-09 18:50:38'),
(94, 94, '17040094            ', 'VEHIPHA', NULL, '1', 'FIRST LIFE FINANCIAL COMPANY, INC. VEHI PHAREX', 'FIRST LIFE CENTER, 174 SALCEDO ST. LEGASPI VILLAGE', '893-3024', '', '', '', '', '', '', '', NULL, '', '1', NULL, '', '', 0, '', 0, '', 0, '', 0, '', 0, '2018-04-01', '2019-03-31', '', '', 0, '2019-01-09 18:50:38'),
(95, 95, '619                 ', 'RM BOX', NULL, '1', 'RM BOX CENTER', '3132 FIRST ST STA MESA', '713-8547 to 48', '', '', '', '', '', '', '', NULL, '', '1', NULL, '', '', 0, '', 0, '', 0, '', 0, '', 0, '2018-05-15', '2019-05-14', '', '', 0, '2019-01-09 18:50:38'),
(96, 96, '620                 ', 'MR', NULL, '1', 'MR PAPER PACKAGING PRODUCTS', '3310 V MAPA ST STA. MESA', '', '', '', '', '', '', '', '', NULL, '', '1', NULL, '', '', 0, '', 0, '', 0, '', 0, '', 0, '2018-05-15', '2019-05-14', '', '', 0, '2019-01-09 18:50:38'),
(97, 97, '621                 ', 'ROMA', NULL, '1', 'ROMA PERSONALIZED PRINTING', '3132-B FIRST ST STA. MESA', '', '', '', '', '', '', '', '', NULL, '', '1', NULL, '', '', 0, '', 0, '', 0, '', 0, '', 0, '2018-05-15', '2019-05-14', '', '', 0, '2019-01-09 18:50:38'),
(98, 98, 'CC00672             ', 'S5', NULL, '1', 'SOLID FIVE DISTRIBUTION INC.', '213 BANAWE ST. MANRESA', '', '', '', '', '', '', '', '', NULL, '', '1', NULL, '', '', 0, '', 0, '', 0, '', 0, '', 0, '2018-10-16', '2019-10-15', '', '', 0, '2019-01-09 18:50:38'),
(99, 99, 'HDSI FLEXICARE      ', 'HDSI FLEXI', NULL, '6', 'HDSI FLEXICARE', 'SOHO CENTRAL, GREENFIELD DISTRICT', '634-5714', '', '', '', '', '', '', '', NULL, '', '1', NULL, '', '', 0, '', 0, '', 0, '', 0, '', 0, '2018-07-07', '2019-07-06', '', '', 0, '2019-01-09 18:50:38'),
(100, 100, '17070100            ', 'TRACESERV', NULL, '1', 'TECHNOLOGY RADICAL AND CUSTOMER EXCELLENCE SERVICES, INC.', '2616 CITYLAND 10 TOWER 1 HV DELA COSTA ST. SALCEDO VILLAGE MAKATI', '438-4943', '', '', '', '', '', '', '', NULL, '', '1', NULL, '', '', 0, '', 0, '', 0, '', 0, '', 0, '2018-07-17', '2019-07-16', '', '', 0, '2019-01-09 18:50:38'),
(101, 101, '00001               ', 'EPI', NULL, '1', 'ELEVATION PARTNERS, INC.', 'SUITE 1004 THE INFINITY TOWER 26TH ST. BONIFACIO GLOBAL CITY', '978-5112', '', '', '', '', '', '', '', NULL, '', '1', NULL, '', '', 0, '', 0, '', 0, '', 0, '', 0, '2018-07-15', '2019-07-14', '', '', 0, '2019-01-09 18:50:38'),
(102, 102, '17080102            ', 'TDS', NULL, '1', 'TD STORE INC', 'UNIT 912 CITY AND LAND MEGA PLAZA ADB AVE COR GARNET RD ORTIGAS CENTER BRGY SAN ANTONIO PASIG CITY', '', '', '', '', '', '', '', '', NULL, '', '1', NULL, '', '', 0, '', 0, '', 0, '', 0, '', 0, '2018-08-16', '2019-08-15', '', '', 0, '2019-01-09 18:50:38'),
(103, 103, 'CC00741             ', 'BESLI', NULL, '1', 'BEAUTE ET SCIENCE LABORATORIES, INC.', 'BLOCK 4, C1 Tagaytay Road Brgy. Don Jose Santa Rosa Laguna', '09209269161', '', '', '', '', '', '', '', NULL, '', '1', NULL, '', '', 0, '', 0, '', 0, '', 0, '', 0, '2018-07-10', '2019-07-09', '', '', 0, '2019-01-09 18:50:38'),
(104, 104, '16100073-2          ', '', NULL, '0', 'BRANDLINES', '', '', '', '', '', '', '', '', '', NULL, '', '0', NULL, '', '', 0, '', 0, '', 0, '', 0, '', 0, '1900-01-01', '1900-01-01', '', '', 0, '2019-01-09 18:50:38'),
(105, 105, 'C00777              ', 'BBDI', NULL, '1', 'BOX AND BASICS DISTRIBUTION INC.', 'KM23 EAST SERVICE ROAD, CUPANG', '(02) 8650811', '', '', '', '', '', '', '', NULL, '', '1', NULL, '', '', 0, '', 0, '', 0, '', 0, '', 0, '2018-10-16', '2019-10-15', '', '', 0, '2019-01-09 18:50:38'),
(106, 106, 'C00778              ', 'BLSI', NULL, '1', 'BENBY LOGISTICS SOLUTIONS INC', 'KM22 EAST SERVICE ROAD, SPECIAL ECONOMIC ZONE, CUPANG', '(02) 865 0811', '', '', '', '', '', '', '', NULL, '', '1', NULL, '', '', 0, '', 0, '', 0, '', 0, '', 0, '2018-10-16', '2019-10-15', '', '', 0, '2019-01-09 18:50:38'),
(107, 107, 'UNILAB              ', 'ULI', NULL, '1', 'UNILAB INC.', '66 UNITED ST.', '858-1000', '', '', '', '', '', '', '', NULL, '', '1', NULL, '', '', 0, '', 0, '', 0, '', 0, '', 0, '2019-01-01', '2019-12-31', '', '', 0, '2019-01-09 18:50:38'),
(108, 108, 'CC00792             ', 'EVEREST', NULL, '1', 'EVEREST PLASTIC CONTAINERS INDUSTRY, INC.', '287 3020 IBA ROAD', '044 692 2216', '', '', '', '', '', '', '', NULL, '', '1', NULL, '', '', 0, '', 0, '', 0, '', 0, '', 0, '2018-10-15', '2019-10-14', '', '', 0, '2019-01-09 18:50:38'),
(109, 109, 'CC00793             ', 'EVERGOOD', NULL, '1', 'EVERGOOD PLASTIC INDUSTRY, INC.', '#287 3020, IBA ROAD', '044 692 2216', '', '', '', '', '', '', '', NULL, '', '1', NULL, '', '', 0, '', 0, '', 0, '', 0, '', 0, '2018-10-15', '2019-10-14', '', '', 0, '2019-01-09 18:50:38'),
(110, 110, 'BIOMEDIS            ', 'BIOMEDIS', NULL, '1', 'BIOMEDIS INC.', '66 UNITED ST.', '858-1000', '', '', '', '', '', '', '', NULL, '', '1', NULL, '', '', 0, '', 0, '', 0, '', 0, '', 0, '2019-01-01', '2019-12-31', '', '', 0, '2019-01-09 18:50:38'),
(111, 111, 'LRII                ', 'LRII', NULL, '1', 'LR IMPERIAL INC.', '66 UNITED ST.', '858-1000', '', '', '', '', '', '', '', NULL, '', '1', NULL, '', '', 0, '', 0, '', 0, '', 0, '', 0, '2019-01-01', '2019-12-31', '', '', 0, '2019-01-09 18:50:38'),
(112, 112, 'UAP                 ', 'UAP', NULL, '1', 'UAP INC.', '66 UNITED ST.', '858-1000', '', '', '', '', '', '', '', NULL, '', '1', NULL, '', '', 0, '', 0, '', 0, '', 0, '', 0, '2019-01-01', '2019-12-31', '', '', 0, '2019-01-09 18:50:38'),
(113, 113, 'ULSSI               ', 'ULSSI', NULL, '1', 'UL SKIN SCIENCES INC.', '66 UNITED ST.', '858-1000', '', '', '', '', '', '', '', NULL, '', '1', NULL, '', '', 0, '', 0, '', 0, '', 0, '', 0, '2019-01-01', '2019-12-31', '', '', 0, '2019-01-09 18:50:38'),
(114, 114, 'TPI                 ', 'TPI', NULL, '1', 'THERAPHARMA INC.', '66 UNITED ST.', '858-1000', '', '', '', '', '', '', '', NULL, '', '1', NULL, '', '', 0, '', 0, '', 0, '', 0, '', 0, '2019-01-01', '2019-12-31', '', '', 0, '2019-01-09 18:50:38'),
(115, 115, '0000                ', 'GEDLI', NULL, '1', 'GOLDEN EAST DRIVE LABORATORIES, INC', '', '', '', '', '', '', '', '', '', NULL, '', '1', NULL, '', '', 0, '', 0, '', 0, '', 0, '', 0, '2018-11-01', '2019-10-31', '', '', 0, '2019-01-09 18:50:38'),
(116, 116, '0000012             ', 'CLMC', NULL, '1', 'CEBU LABORLINK MANPOWER CORP.', 'ROOM 309 N&N CORTES ARCADE A.C. CORTES AVENUE', '4205868', '', '', '', '', '', '', '', NULL, '', '1', NULL, '', '', 0, '', 0, '', 0, '', 0, '', 0, '2018-12-15', '2019-12-14', '', '', 0, '2019-01-09 18:50:38'),
(117, 117, 'CC00011             ', 'DOLMAR', NULL, '1', 'DOLMAR PROPERTY VENTURES, INC', '3RD FLOOR DOLMAR BUILDING 56 EDSA', '', '', '', '', '', '', '', '', NULL, '', '1', NULL, '', '', 0, '', 0, '', 0, '', 0, '', 0, '2019-01-01', '2019-12-31', '', '', 0, '2019-01-09 18:50:38'),
(118, 118, 'CC00872             ', 'FRAB FISH', NULL, '1', 'FRABELLE FISHING CORPORATION', 'C-3, 28 ZONE 3, CALOOCAN', '', '', '', '', '', '', '', '', NULL, '', '1', NULL, '', '', 0, '', 0, '', 0, '', 0, '', 0, '2018-01-01', '2019-01-31', '', '', 0, '2019-01-09 18:50:38'),
(119, 119, 'C000024             ', 'PAI', NULL, '1', 'PIONEER ADHESIVES, INC.', '731 AURORA BOULEVARD', '7215781', '', '', '', '', '', '', '', NULL, '', '1', NULL, '', '', 0, '', 0, '', 0, '', 0, '', 0, '2018-01-01', '2019-01-31', '', '', 0, '2019-01-09 18:50:38'),
(120, 120, 'C000025             ', 'PSBSI', NULL, '1', 'PIONEER SPECIALTY BUILDING SYSTEMS, INC.', '7 BALETE DR. NEW MANILA', '09173473290', '', '', '', '', '', '', '', NULL, '', '1', NULL, '', '', 0, '', 0, '', 0, '', 0, '', 0, '2018-01-01', '2019-01-31', '', '', 0, '2019-01-09 18:50:38'),
(121, 121, 'FFC                 ', 'FRAB CORP', NULL, '1', 'FRABELLE CORPORATION', '1051 NORTH BAY BLVD', '281-2909', '', '', '', '', '', '', '', NULL, '', '1', NULL, '', '', 0, '', 0, '', 0, '', 0, '', 0, '2019-01-01', '2019-12-31', '', '', 0, '2019-01-09 18:50:38'),
(122, 122, 'C00004              ', 'ULI 2ND LAYER', NULL, '1', 'FIRST LIFE FINANCIAL COMPANY, INC. 2ND LAYER ULI', 'FIRST LIFE CENTER, 174 SALCEDO ST. LEGASPI VILLAGE', '893-3024', '', '', '', '', '', '', '', NULL, '', '1', NULL, '', '', 0, '', 0, '', 0, '', 0, '', 0, '2019-01-01', '2019-12-31', '', '', 0, '2019-01-09 18:50:38'),
(123, 123, 'CC00872-2           ', 'FRAB MARKET', NULL, '1', 'FRABELLE MARKET CORPORATION', '1051 NORTHBAY BLVD NBBS NAVOTAS MM1485', '', '', '', '', '', '', '', '', NULL, '', '1', NULL, '', '', 0, '', 0, '', 0, '', 0, '', 0, '2018-01-01', '2019-01-31', '', '', 0, '2019-01-09 18:50:38'),
(124, 124, 'CC00872-3           ', 'FRAB COLD', NULL, '1', 'FRABELLE COLD STORAGE CORPORATION', '#80 C3 Road Near Corner Dagat-Dagatan', '', '', '', '', '', '', '', '', NULL, '', '2', NULL, '', '', 0, '', 0, '', 0, '', 0, '', 0, '2019-01-01', '2019-12-31', '', '', 0, '2019-01-09 18:50:38'),
(125, 125, 'CC00872-4           ', 'FRAB SHIP', NULL, '1', 'FRABELLE SHIPYARD CORPORATION', 'NAVOTAS FISH PORT CPLX 9RIZALINA COMPOUND BARADERO ST. NBBS DISTRICT 1', '', '', '', '', '', '', '', '', NULL, '', '1', NULL, '', '', 0, '', 0, '', 0, '', 0, '', 0, '2018-01-01', '2019-01-31', '', '', 0, '2019-01-09 18:50:38'),
(126, 126, 'CC00872-5           ', 'CONCORD FISHING', NULL, '1', 'CONCORD FISHING AND CANNING CORPORATION', '1051 NORTHBAY BLVD NBBS NAVOTAS MM1485', '', '', '', '', '', '', '', '', NULL, '', '1', NULL, '', '', 0, '', 0, '', 0, '', 0, '', 0, '2018-01-01', '2019-01-31', '', '', 0, '2019-01-09 18:50:38'),
(127, 127, 'CC00872-6           ', 'FRAB PROP', NULL, '1', 'FRABELLE PROPERTIES CORPORATION', '1051 NORTHBAY BLVD NBBS NAVOTAS MM1485', '', '', '', '', '', '', '', '', NULL, '', '1', NULL, '', '', 0, '', 0, '', 0, '', 0, '', 0, '2018-01-01', '2019-01-31', '', '', 0, '2019-01-09 18:50:38'),
(128, 128, 'CC00872-7           ', 'NORTHBAY', NULL, '1', 'NORTHBAY MANNING CORPORATION', '1051 NORTHBAY BLVD NBBS NAVOTAS MM1485', '', '', '', '', '', '', '', '', NULL, '', '1', NULL, '', '', 0, '', 0, '', 0, '', 0, '', 0, '2018-01-01', '2019-01-31', '', '', 0, '2019-01-09 18:50:38'),
(129, 129, 'CC00872-8           ', 'NEWPORT', NULL, '1', 'NEWPORT FISHING CORPORATION', '1051 NORTHBAY BLVD NBBS NAVOTAS MM1485', '', '', '', '', '', '', '', '', NULL, '', '1', NULL, '', '', 0, '', 0, '', 0, '', 0, '', 0, '2018-01-01', '2019-01-31', '', '', 0, '2019-01-09 18:50:38'),
(130, 130, 'CC00872-9           ', 'MARKHAM', NULL, '1', 'MARKHAM RESOURCES CORPORATION', '1051 NORTHBAY BLVD NBBS NAVOTAS MM1485', '', '', '', '', '', '', '', '', NULL, '', '1', NULL, '', '', 0, '', 0, '', 0, '', 0, '', 0, '2018-01-01', '2019-01-31', '', '', 0, '2019-01-09 18:50:38'),
(131, 131, 'CC00872-10          ', 'BACOOR SEAFRONT', NULL, '1', 'BACOOR SEAFRONT DEVELOPMENT CORPORATION', '1051 NORTHBAY BLVD NBBS NAVOTAS MM1485', '', '', '', '', '', '', '', '', NULL, '', '1', NULL, '', '', 0, '', 0, '', 0, '', 0, '', 0, '2018-01-01', '2019-01-31', '', '', 0, '2019-01-09 18:50:38'),
(132, 132, 'CC00872-11          ', 'MARINE', NULL, '1', 'SIGNAL MARINE SHIPYARD CORPORATION', 'CABU BRGY. TAMBLER', '', '', '', '', '', '', '', '', NULL, '', '1', NULL, '', '', 0, '', 0, '', 0, '', 0, '', 0, '2018-01-01', '2019-01-31', '', '', 0, '2019-01-09 18:50:38'),
(133, 133, '18010133            ', 'HMSC', NULL, '1', 'HARRISON MILLER, SCHWARTZ CORPORATION', '3/F, GREEN ORKID  BLDG., N. ESCARIO ST.,', '(6332)3501775', '', '', '', '', '', '', '', NULL, '', '2', NULL, '', '', 0, '', 0, '', 0, '', 0, '', 0, '2018-01-15', '2019-01-14', '', '', 0, '2019-01-09 18:50:38'),
(134, 134, 'CC00984             ', 'PCSPC', NULL, '1', 'PHILIPPINE COASTAL STORAGE & PIPELINE CORPORATION', 'BLDG., 1428 POL PIER COMPOUND, ARGONAUT HIGHWAY, FREEPORT ZONE', '(047) 252-8888', '', '', '', '', '', '', '', NULL, '', '1', NULL, '', '', 0, '', 0, '', 0, '', 0, '', 0, '2018-04-01', '2019-03-31', '', '', 0, '2019-01-09 18:50:38'),
(135, 135, '000001              ', 'UL EXTENDEE', NULL, '5', 'UNILAB EXTENDEE', '', '', '', '', '', '', '', '', '', NULL, '', '1', NULL, '', '', 0, '', 0, '', 0, '', 0, '', 0, '2018-01-01', '2018-12-31', '', '', 0, '2019-01-09 18:50:38'),
(136, 136, 'CC01030             ', '2ND LAYER UNAHCO', NULL, '1', 'FIRST LIFE FINANCIAL COMPANY, INC. 2ND LAYER UNAHCO', 'First Life Center, 174 Salcedo St. Legaspi Village Makati Metro Manila', '', '', '', '', '', '', '', '', NULL, '', '1', NULL, '', '', 0, '', 0, '', 0, '', 0, '', 0, '2018-04-01', '2019-03-31', '', '', 0, '2019-01-09 18:50:38'),
(137, 137, 'CC01034             ', 'TRIPHARMA', NULL, '1', 'TRIPHARMA CORP', 'WARESHOUSE 5A IGNACIO COMPLEX,  NO. 48 AMANG RODRIGUEZ AVE, MANGGAHAN', '', '', '', '', '', '', '', '', NULL, '', '1', NULL, '', '', 0, '', 0, '', 0, '', 0, '', 0, '2019-01-01', '2019-12-31', '', '', 0, '2019-01-09 18:50:38'),
(138, 138, 'CC01031             ', '2ND LAYER GDC', NULL, '1', 'FIRST LIFE FINANCIAL COMPANY, INC. 2ND LAYER GDC', 'GDC', '', '', '', '', '', '', '', '', NULL, '', '1', NULL, '', '', 0, '', 0, '', 0, '', 0, '', 0, '2019-01-01', '2019-12-31', '', '', 0, '2019-01-09 18:50:38'),
(139, 139, 'CC01032             ', '2ND LAYER MT. GRACE', NULL, '1', 'FIRST LIFE FINANCIAL COMPANY, INC. 2ND LAYER MT GRACE', '', '', '', '', '', '', '', '', '', NULL, '', '1', NULL, '', '', 0, '', 0, '', 0, '', 0, '', 0, '2018-01-27', '2019-01-26', '', '', 0, '2019-01-09 18:50:38'),
(140, 140, 'CC01033             ', '2ND LAYER UBFR', NULL, '1', 'FIRST LIFE FINANCIAL COMPANY, INC. 2ND LAYER UBFR', '', '', '', '', '', '', '', '', '', NULL, '', '1', NULL, '', '', 0, '', 0, '', 0, '', 0, '', 0, '2019-01-01', '2019-12-31', '', '', 0, '2019-01-09 18:50:38'),
(141, 141, '18050141            ', 'CHEVRON', NULL, '1', 'CHEVRON PHILIPPINES, INC.', '6F, 6750 AYALA AVENUE, 1226', '8411665 / 09992232538', '', '', '', '', '', '', '', NULL, '', '1', NULL, '', '', 0, '', 0, '', 0, '', 0, '', 0, '2018-05-15', '2019-05-14', '', '', 0, '2019-01-09 18:50:38'),
(142, 142, 'CC010321            ', '2ND LAYER GIRMI', NULL, '1', 'FIRST LIFE FINANCIAL COMPANY, INC. 2ND LAYER GIRMI', '', '', '', '', '', '', '', '', '', NULL, '', '1', NULL, '', '', 0, '', 0, '', 0, '', 0, '', 0, '2019-01-01', '2019-12-31', '', '', 0, '2019-01-09 18:50:38'),
(143, 143, '18080143            ', 'VEHIEO', NULL, '1', 'FIRST LIFE FINANCIAL COMPANY, INC. - VEHI EXECUTIVE OFFICE', '', '', '', '', '', '', '', '', '', NULL, '', '1', NULL, '', '', 0, '', 0, '', 0, '', 0, '', 0, '2018-08-01', '2019-07-31', '', '', 0, '2019-01-09 18:50:38'),
(144, 144, '18080144            ', 'MDI', NULL, '1', 'METADIAGNOSTIC, INC.', '88 SHAW BLVD., ORANBO', '', '', '', '', '', '', '', '', NULL, '', '1', NULL, '', '', 0, '', 0, '', 0, '', 0, '', 0, '2018-08-16', '2019-08-15', '', '', 0, '2019-01-09 18:50:38'),
(145, 145, '18090145            ', 'VEHIBIBC', NULL, '1', 'FIRST LIFE FINANCIAL COMPANY, INC. VEHI BIBC', 'FIRST LIFE CENTER, 174 SALCEDO ST. LEGASPI VILLAGE', '893-3024', '', '', '', '', '', '', '', NULL, '', '1', NULL, '', '', 0, '', 0, '', 0, '', 0, '', 0, '2018-09-03', '2019-09-02', '', '', 0, '2019-01-09 18:50:38'),
(146, 146, '18010146            ', 'CLUB 60', NULL, '1', 'CLUB 60', '66 UNITED ST.', '8581000', '', '', '', '', '', '', '', NULL, '', '1', NULL, '', '', 0, '', 0, '', 0, '', 0, '', 0, '2019-01-01', '2019-12-31', '', '', 0, '2019-01-09 18:50:38'),
(147, 147, '18120147            ', 'CELHRSC', NULL, '1', 'CARITAS ET LABORA HUMAN RESOURCE SERVICE COOP.', '2002 JESUS ST., BRGY. 832 ZONE 90 DIST. VI, PANDACAN', '', '', '', '', '', '', '', '', NULL, '', '1', NULL, '', '', 0, '', 0, '', 0, '', 0, '', 0, '2019-01-01', '2019-12-31', '', '', 0, '2019-01-09 18:50:38');

-- --------------------------------------------------------

--
-- Table structure for table `fx_users`
--

CREATE TABLE `fx_users` (
  `id` int(11) NOT NULL,
  `flex_id` int(10) UNSIGNED NOT NULL,
  `first_name` varchar(255) COLLATE utf8mb4_unicode_ci NOT NULL,
  `middle_name` varchar(255) COLLATE utf8mb4_unicode_ci DEFAULT NULL,
  `last_name` varchar(255) COLLATE utf8mb4_unicode_ci NOT NULL,
  `gender` enum('male','female') COLLATE utf8mb4_unicode_ci DEFAULT NULL,
  `mobile_number` varchar(255) COLLATE utf8mb4_unicode_ci NOT NULL,
  `email` varchar(255) COLLATE utf8mb4_unicode_ci NOT NULL,
  `company_id` varchar(255) COLLATE utf8mb4_unicode_ci NOT NULL,
  `image` varchar(255) COLLATE utf8mb4_unicode_ci DEFAULT NULL,
  `member_type` tinyint(4) DEFAULT NULL,
  `status` tinyint(4) NOT NULL,
  `username` varchar(255) COLLATE utf8mb4_unicode_ci DEFAULT NULL,
  `password` varchar(255) COLLATE utf8mb4_unicode_ci DEFAULT NULL,
  `remember_token` varchar(100) COLLATE utf8mb4_unicode_ci DEFAULT NULL,
  `created_at` timestamp NULL DEFAULT NULL,
  `updated_at` timestamp NULL DEFAULT NULL,
  `created_by` varchar(255) COLLATE utf8mb4_unicode_ci NOT NULL,
  `credential` varchar(255) COLLATE utf8mb4_unicode_ci DEFAULT NULL,
  `hmo_id` varchar(255) COLLATE utf8mb4_unicode_ci DEFAULT NULL,
  `user_type` enum('0','1','2','3') COLLATE utf8mb4_unicode_ci DEFAULT '3' COMMENT '0 - Super | 1 - Admin | 2 - Processor | 3 - Normal User',
  `user_status` enum('active','inactive','block','deleted') COLLATE utf8mb4_unicode_ci DEFAULT 'active',
  `user_email_verified` enum('0','1') COLLATE utf8mb4_unicode_ci NOT NULL DEFAULT '0',
  `pw_reset_num` int(11) NOT NULL DEFAULT '0',
  `pw_reset_date` date NOT NULL,
  `rem_token` longtext COLLATE utf8mb4_unicode_ci NOT NULL
) ENGINE=InnoDB DEFAULT CHARSET=utf8mb4 COLLATE=utf8mb4_unicode_ci;

--
-- Dumping data for table `fx_users`
--

INSERT INTO `fx_users` (`id`, `flex_id`, `first_name`, `middle_name`, `last_name`, `gender`, `mobile_number`, `email`, `company_id`, `image`, `member_type`, `status`, `username`, `password`, `remember_token`, `created_at`, `updated_at`, `created_by`, `credential`, `hmo_id`, `user_type`, `user_status`, `user_email_verified`, `pw_reset_num`, `pw_reset_date`, `rem_token`) VALUES
(1, 6, 'Admin', 'Roque', 'Llantada', NULL, '9959567398', 'nakerz99@gmail.com', '1', '1543906683.png', 1, 2, 'flexicare_admin', '$2y$10$aRLYXmHXcY5ibnhD2WYEZO6x4Kn3dH7PAY2T.b.SBjm4g0iNCuO6G', 'e7HVBKOPDybN4lhIqlRYUROL0pALO6cdCqo1ftwgb0WFdbHN0mIRJ1OeKRRX', '2018-05-02 23:39:54', '2018-12-13 16:27:18', '6', '7,1,2,3,4,6,5', NULL, '3', 'active', '0', 0, '0000-00-00', ''),
(2, 7, 'NutriAsia', NULL, 'HR', NULL, '9959567398', 'hr@nutriasia.com', '31', NULL, 0, 2, 'nutriasia', '$2y$10$QgW7ylKWBK2Wh6EVXVKdleY4.xWtmsnTZAXY7jzsSwxbkFVJXoqSG', 'aU6f2nRC7SxdI6upguljcwuTfoq4wDMO9ju4ZgyVx1IbJCqxsfgzwPkRILH6', '2018-07-04 10:15:10', '2018-07-04 10:15:10', '6', NULL, NULL, '3', 'active', '0', 0, '0000-00-00', ''),
(3, 8, 'Chelse', NULL, 'Caballero', NULL, '9959567398', 'crcaballero@flexicare.com.ph', '50', NULL, 1, 2, 'crcaballero', '$2y$10$b9g554soymy/cagCIAOde./7Ui9kJlIMfnYRbq54c6/tjoH85gJmS', 'cdL4nTDSzeMoSYv74qjUaQ94QrymRpQTWmCRZ6LPosGZ0mnkaHXlAAWID1Sd', '2018-07-04 13:34:11', '2018-07-04 13:34:11', '6', NULL, NULL, '3', 'active', '0', 0, '0000-00-00', ''),
(4, 9, 'Elvie', NULL, 'Tiu', NULL, '123456789', 'elvie.tiu@nutriasia.com', '31', NULL, 0, 2, 'elvietiu', '$2y$10$iv071wnrMsm/Ss4sp2uBDeWPEtjRutWd11nmSWszw/3koUZa9zDpa', 'fe9q1c4D20cstvEeBksuc6TlU5XPqXm49SiXgyESPfDaTied1zcL2cvz9Vx2', '2018-07-05 13:25:23', '2018-07-27 13:56:35', '11', NULL, NULL, '3', 'active', '0', 0, '0000-00-00', ''),
(5, 10, 'Jaymar', NULL, 'Mata', NULL, '123456789', 'jaymar.mata@nutriasia.com', '31', NULL, 0, 2, 'jaymarmata', '$2y$10$4YKR0V4YoCrQzS.V4jCmXurwLJgWlNYUGiUVIvceOpQFAokNOdKhu', '3EMTAHXYtDNeYR1g4EIqFlyYsWkggqn2P70BYHAXBDWUlwnDYlvnFLWZ267p', '2018-07-05 13:27:13', '2018-07-27 13:58:26', '11', NULL, NULL, '3', 'active', '0', 0, '0000-00-00', ''),
(6, 11, 'Jesser', 'Glenn', 'Sancio', NULL, '09171202118', 'glenn.sancio@omniquest.com.ph', '67', '1535076243.png', 1, 2, 'glennsancio', '$2y$10$s9HMaKE0LyKeCIvB3na3HuIApZ7eSjRDbXk1.4.Epm3LbvSaXvkpa', 'PHG6bkYkV0KYiyK1vVqw2DzSQRyq1eCAtBdUbEmKSxo7DaFQmvjmYp3dPj9o', '2018-07-09 13:56:52', '2018-11-14 17:16:52', '6', '1,2,3,4,5,6', NULL, '3', 'active', '0', 0, '0000-00-00', ''),
(7, 12, 'Julie', NULL, 'Cheng', NULL, '0', 'jsqcheng@unilab.com.ph', '107', NULL, 0, 2, 'jsqcheng', '$2y$10$bRruBX7b38jF6BZOASBDwOlMk8YV8JnYs6qYNpiRVJ57auTxrfhfy', 'e8QfS8MyxNdKHe3Raw2gfG1qCH5JalOrbd0zmGgiJmTxLJEGRmGbd2qasbnl', '2018-07-10 12:57:03', '2018-07-27 18:14:57', '11', NULL, NULL, '3', 'active', '0', 0, '0000-00-00', ''),
(8, 13, 'Mary', 'Mariel', 'Lopez', NULL, '09176207268', 'marymariel.lopez@greenfield.com.ph', '2', NULL, 0, 2, 'mmlopez', '$2y$10$abPwvpeBoQ/wcQSaD3xOq.4VrGGed0Fx66ofpg2iQTOovYRKy6ci2', 'lxkbLWM3V2BfbrZyhkh9IfA6T9X0ZaxDo3Ut6QQSDnP3NZUNpo8f3zyfdR4x', '2018-07-10 13:01:31', '2018-09-24 13:14:54', '11', NULL, NULL, '3', 'active', '0', 0, '0000-00-00', ''),
(9, 14, 'Ma. Esther', NULL, 'Mercado', NULL, '0', 'me-et.mercado@benby.com', '71', NULL, 0, 2, 'mmercado', '$2y$10$2DNAecDhte4PR26Q43nAquzKBgCDnzBSJu0o4A6lp8wzh2QjJ.aFK', 'KbeJDoCJINAeCAB7P9MWYRd8YQH043krlGN9CChZKfDl71IXd1TFG7krJ6Ws', '2018-07-10 13:38:07', '2018-07-30 16:16:05', '11', NULL, NULL, '3', 'active', '0', 0, '0000-00-00', ''),
(10, 15, 'Jhen', NULL, 'Nuestro', NULL, '0', 'hr_nurse@brandlines.com.ph', '71', NULL, 0, 2, 'jhennuestro', '$2y$10$dOrvDKWbV2GxRgqq/pk0GO.t/8k8S2ZJw5A/XojusorCaSYac4w1i', 'JVvPWoXlD4VzweYjdNIsP4v1RKuqFufK6b8GM1KDgh0EMi4BA59OAf4XQX8V', '2018-07-10 13:48:39', '2018-07-27 15:03:25', '11', NULL, NULL, '3', 'active', '0', 0, '0000-00-00', ''),
(11, 16, 'Test', 'Test', 'Test', NULL, '9959567398', 'nakerz143@gmail.com', '31', '1532860355.jpg', 4, 2, 'test', '$2y$10$o18c0hKSspPQgiAS3PaTWOQg1BvhIiLn/Xia2RH6truQhACIdZ242', 'E0cNgCO34YB5QXVqsk8oo0Asj9xLwUjcq3P8OkhW81vKMJJm0JDpGr4S5mzQ', '2018-07-18 17:01:38', '2018-11-22 14:21:31', '6', '3,5', NULL, '3', 'active', '0', 0, '0000-00-00', ''),
(12, 17, 'Mary Grace', 'A', 'Cay', NULL, '9566690512', 'macay@auditph.com', '3', NULL, 0, 2, 'mgcay', '$2y$10$PN2X3JkMCoTbF0tJ292.cez1Pe5JYMI9cQBc5CUvXP78hraVOCIki', NULL, '2018-07-27 14:01:16', '2018-07-27 17:23:33', '11', NULL, NULL, '3', 'active', '0', 0, '0000-00-00', ''),
(13, 18, 'Bea', NULL, 'Cinco', NULL, '9178202793', 'hroperations@activeonehealth.com', '3,53,42', NULL, 1, 2, 'ADMIN', '$2y$10$S9T503SWOFOrcFst4eI8cew8VtIAOFWg9jtyGwu03rM1vS2B/mG/e', '8puQSwcksePsJjZcqZ3cXmczWpG3kRX4sb1IeHTUrN6DdsqUraYKrK1bROe7', '2018-07-27 14:03:34', '2018-12-14 14:01:12', '6', '1,2,3,4,5,6,7', NULL, '3', 'active', '0', 0, '0000-00-00', ''),
(14, 19, 'Maria Teresa', 'C', 'Dy', NULL, '9175580499', 'tessa.dy@ameuropharma.com', '57', NULL, 0, 2, 'mtdy', '$2y$10$srLfMk/BFlZ1csWP9mXIO.IVE7FeAZelzz4jGQD2F.FcjSjvxJYbO', NULL, '2018-07-27 14:09:32', '2018-07-27 15:37:39', '11', NULL, NULL, '3', 'active', '0', 0, '0000-00-00', ''),
(15, 20, 'Marvee', 'M', 'Quintos', NULL, '9175158567', 'MMQuintos@amherst.com.ph', '5', NULL, 0, 2, 'mquintos', '$2y$10$wXKfmx4MOMeN792Ur0ctJOp4IC3pxW1ogtocNokig.N6px8vkk8bO', NULL, '2018-07-27 14:13:21', '2018-07-27 14:13:21', '11', NULL, NULL, '3', 'active', '0', 0, '0000-00-00', ''),
(16, 21, 'Evanie', 'A', 'Elnar', NULL, '9171389015', 'EAElnar@amherst.com.ph', '6', NULL, 0, 2, 'eelnar', '$2y$10$jyk/zdyKWriK8RrZGwI1Mu2afSDkbfreHIp6nInkC3eEKLD8u0pI2', NULL, '2018-07-27 14:15:08', '2018-07-27 14:15:08', '11', NULL, NULL, '3', 'active', '0', 0, '0000-00-00', ''),
(17, 22, 'Donabel', NULL, 'Dumas', NULL, '09228977579', 'donabel.dumas21@gmail.com', '80', NULL, 0, 2, 'ddumas', '$2y$10$g8X/dWRk5qFfkwHrNLD8XO0Z0j.3jmWRboICg9rlCs8Ugo6E.5jTG', 'sBMdEzcjerVk4rSCzyCQohvSbJUgZo3PSzD6R68AwegOG5SsWqCuwbKYhsl6', '2018-07-27 14:17:35', '2018-08-06 11:02:36', '11', NULL, NULL, '3', 'active', '0', 0, '0000-00-00', ''),
(18, 23, 'Raquel', NULL, 'Cambe', NULL, '09328480236', 'raquel.cambe@asaphil.org', '80', NULL, 0, 2, 'rcambe', '$2y$10$fIYR1M3JGo6CKHT9QDSRf.c0544/KPOFmQCLi66GK13CeHn0.7Zd6', 'RbJE2aGoJLbG0D4D7ULk1V41jFmuObJpdgTzFG8IzVCzc1w2qEfhR1w5xTjL', '2018-07-27 14:19:38', '2018-08-07 11:57:02', '11', NULL, NULL, '3', 'active', '0', 0, '0000-00-00', ''),
(19, 24, 'Cybill', NULL, 'Madlangsakay', NULL, '0', 'cbmadlangsakay@unilab.com.ph', '8', NULL, 0, 2, 'cmadlangsakay', '$2y$10$.LQtQws6UB58nqzgWg7JAeauXTmiAGhoLIUjNrBIQSKC5EPAcjWO6', NULL, '2018-07-27 14:22:13', '2018-07-27 14:22:13', '11', NULL, NULL, '3', 'active', '0', 0, '0000-00-00', ''),
(20, 25, 'Florinda', NULL, 'Lacanlalay', NULL, '9189196657', 'findamanuel@yahoo.com', '83', NULL, 0, 2, 'flacanlalay', '$2y$10$Hmx6yot6BdqpgYC.Hn8Ah.Arge.seucfKxessTdZ.KhfT9PDIK.ta', NULL, '2018-07-27 14:26:53', '2018-07-27 14:26:53', '11', NULL, NULL, '3', 'active', '0', 0, '0000-00-00', ''),
(21, 26, 'Beth', NULL, 'Mercado', NULL, '0', 'beth.mercado@avon.com', '93', NULL, 4, 2, 'acctg', '$2y$10$ckMb1T0EaxZiAPXgius3wOkflx4qk1YE5CQtEUBvQzJSonIqOukPC', NULL, '2018-07-27 14:30:08', '2018-12-14 14:04:26', '6', '3,5,7', NULL, '3', 'active', '0', 0, '0000-00-00', ''),
(22, 27, 'Erika', NULL, 'Robles', NULL, '0', 'erika.robles.ffc@gmail.com', '118', NULL, 0, 2, 'erikarobles', '$2y$10$fVkr4FZmuzqRJquXYx.3jedDYqciGE5zMZGnWDNr7FVpzZQF.iEPu', NULL, '2018-07-27 14:34:40', '2018-07-30 16:30:36', '11', NULL, NULL, '3', 'active', '0', 0, '0000-00-00', ''),
(23, 28, 'Nenita', NULL, 'Culanag', NULL, '9175238189', 'mathy.culanag@frabelle.net', '118', NULL, 0, 2, 'nculanag', '$2y$10$4yRmDPOSUoLcrewWup3EcePSGb7bAaPyG7aEO/ReWp0re55NjcHpS', NULL, '2018-07-27 14:36:46', '2018-07-30 16:29:31', '11', NULL, NULL, '3', 'active', '0', 0, '0000-00-00', ''),
(24, 29, 'Jonabelle', NULL, 'Tiongco', NULL, '9178127436', 'jptiongco@besli.com.ph', '103', NULL, 0, 2, 'jtiongco', '$2y$10$4vv3qU38SellBRab9YMh5.pzwawypr4uf.VXOEtExh3vPyAt1CPzi', NULL, '2018-07-27 14:40:33', '2018-07-27 14:40:33', '11', NULL, NULL, '3', 'active', '0', 0, '0000-00-00', ''),
(25, 30, 'Madel', NULL, 'Pineda', NULL, '09178302901', 'mmpinedabelmont@gmail.com', '82', NULL, 0, 2, 'mpineda', '$2y$10$Q.hMA4LpcPd0ZVtW239pqOP7jS6XahAoACKLEUwLjp6moFFLrNRSW', 'ohaT7lyX2UKkXAr5J8xCEfrXwU2vzkD4mwt527wBKA63y2KuNUURMW5nZtQ8', '2018-07-27 14:43:08', '2018-08-04 08:53:05', '11', NULL, NULL, '3', 'active', '0', 0, '0000-00-00', ''),
(26, 31, 'Mei-lin', NULL, 'Bondoc', NULL, '09175625076', 'mpbondoc@unilab.com.ph', '82', NULL, 0, 2, 'mbondoc', '$2y$10$waZz8YoyzCkHici9be2npuODkJUPv5MLcKf6M5RBkf9DuSUoDXpMW', NULL, '2018-07-27 15:01:53', '2018-07-27 15:01:53', '11', NULL, NULL, '3', 'active', '0', 0, '0000-00-00', ''),
(27, 32, 'Talens', NULL, 'Marice', NULL, '09175838648', 'maricetalens@biobalanceinstitute.com', '66', NULL, 0, 2, 'tmarice', '$2y$10$iK7BJURauDhE9DFxLFy2Ru3RsnKjWjihC3ysIHBd4EfiOCHv90mMO', NULL, '2018-07-27 15:18:39', '2018-07-27 15:18:39', '11', NULL, NULL, '3', 'active', '0', 0, '0000-00-00', ''),
(28, 33, 'Bona', 'B', 'Gutierrez', NULL, '0', 'bbgutierrez@unilab.com.ph', '107', NULL, 0, 2, 'bbgutierrez', '$2y$10$C.w5Qk/7r/bFsSp3NhRzju.s3mJ.Iu/zLIY86vpRdjGYq/VU6naiu', 'knygTvP0h74Qdy77l6Bnjtn2iZmektz03jfC4SKvd4Wo0dX6LDUn9YYpz6t6', '2018-07-27 15:22:53', '2018-11-12 22:44:25', '6', '2,3', NULL, '3', 'active', '0', 0, '0000-00-00', ''),
(29, 34, 'Marylyn', 'C', 'Nueva', NULL, '0', 'yhen@bizbox.ph', '10', NULL, 0, 2, 'mnueva', '$2y$10$dOa9QXCxQ.kUozoL5WlUR.k9PBirjhYFarkYiOBGmgSwkvUQK2Z4K', NULL, '2018-07-27 15:34:11', '2018-07-27 15:34:11', '11', NULL, NULL, '3', 'active', '0', 0, '0000-00-00', ''),
(30, 35, 'Ana Niña', NULL, 'Hermosa', NULL, '9178398927', 'nina.hermosa@themindmuseum.org', '47,81', NULL, 0, 2, 'testhr2', '$2y$10$zNbVQXfnarJ/ZMpy6xj3UO47D.VbwLs6k2t/WmL2GDcLK1Kf59ZK2', 'WzHwzOJUbuZA84vtmG9vLNvDmVrjOTTKdHufit4TwSZwKpHM40eafB6ER3t9', '2018-07-27 15:36:53', '2018-11-12 21:07:06', '6', '2,3', NULL, '3', 'active', '0', 0, '0000-00-00', ''),
(31, 36, 'Mary Grace', NULL, 'Solis', NULL, '9178344701', 'MASolis@bgcbus.com', '81', NULL, 0, 2, 'mgsolis', '$2y$10$nESS2b0XPFUK/R3N1Su80Os7nCk/N1jAFxNlcxQSveXiVPlDGAwvi', NULL, '2018-07-27 15:42:01', '2018-07-30 17:45:03', '11', NULL, NULL, '3', 'active', '0', 0, '0000-00-00', ''),
(32, 37, 'Recialyn', NULL, 'Gutierrez', NULL, '9178381868', 'rggutierrez@fbdcorp.com', '81', NULL, 0, 2, 'rgutierrez', '$2y$10$thqeVpa.Zr33hBuT22R.v.ZYP95vr6ZMRmnpaz/Wsx3SI8/7hTa2O', NULL, '2018-07-27 15:43:58', '2018-07-30 17:44:47', '11', NULL, NULL, '3', 'active', '0', 0, '0000-00-00', ''),
(33, 38, 'Laarni', NULL, 'Santos', NULL, '0', 'lcsantos@bonifacioinsurance.com.ph', '11', NULL, 0, 2, 'lsantos', '$2y$10$DSvNiK4/13bYcqzCw2sjFuxk3nq4ktqXGG7miXnnCYn58EfBAcqcG', 'oP5E0QEwdluUeFFuyQNrfge3Sex6TeZk18iBWAe4XJeYpB9ymsACYpZcfRPW', '2018-07-27 15:47:56', '2018-07-27 15:47:56', '11', NULL, NULL, '3', 'active', '0', 0, '0000-00-00', ''),
(34, 39, 'Ma. Erichie', NULL, 'Comentan', NULL, '09258449968', 'ec_comentan@britton.ph', '58', NULL, 0, 2, 'macomentan', '$2y$10$xOaVFcu6UA0Lffx2keL9CO1Yn/MslRXW/7qxLWhsEYfOQ0BEgJlGS', 'h1EMDlZmNy1fYpofEEwVa1LpogvMW1FPJoCtIBJpmBdsovBEUMMhcMlzCPR4', '2018-07-27 15:52:24', '2018-07-27 15:52:24', '11', NULL, NULL, '3', 'active', '0', 0, '0000-00-00', ''),
(35, 40, 'Daisy', NULL, 'Poja', NULL, '0', 'no_email@gmail.com', '12', NULL, 0, 2, 'dpoja', '$2y$10$QzeDorCexdI.bEEZtnd6lezSU.0S52b36zn4VmUT0xqqF6tR5tkA2', NULL, '2018-07-27 15:56:38', '2018-07-27 15:56:38', '11', NULL, NULL, '3', 'active', '0', 0, '0000-00-00', ''),
(36, 41, 'Mark', NULL, 'Bahia', NULL, '0', 'mjbahia@dolmar.com.ph', '117', NULL, 0, 2, 'markbahia', '$2y$10$wvqan8ikKekyL182Qwmkq.QP5zppOr4o4XO5tRWbD5Cu5poHbBelK', NULL, '2018-07-27 15:59:31', '2018-07-27 15:59:31', '11', NULL, NULL, '3', 'active', '0', 0, '0000-00-00', ''),
(37, 42, 'Johanna', NULL, 'Catmuan', NULL, '0', 'johannacatmunan03@gmail.com', '14', NULL, 0, 2, 'jcatmuan', '$2y$10$9ipmU.uyoEPv42pwiEG1ZOX/wOp7dRma.oGe0SwQN5vnlr29/BrCq', NULL, '2018-07-27 16:02:29', '2018-07-27 16:02:29', '11', NULL, NULL, '3', 'active', '0', 0, '0000-00-00', ''),
(38, 43, 'Helen', NULL, 'Gacasan', NULL, '09992296356', 'helen@elevationpartners.com.ph', '101', NULL, 0, 2, 'hgacasan', '$2y$10$NTdYW/peNj2dRW.mBR0k.ukk84MjhIGteNSDOjKp1G6XvOfxKpWrq', '5EIcOrjGVBu3vuepaBXpN3K88ldwsLHuL2wqdSSmqqS7KJ4rPGw9VTO8tmQF', '2018-07-27 16:07:06', '2018-08-20 15:26:36', '11', NULL, NULL, '3', 'active', '0', 0, '0000-00-00', ''),
(39, 44, 'Myrna', NULL, 'Cabantog', NULL, '0', 'myrna_cabantog37@yahoo.com', '108', NULL, 0, 2, 'myrnacabantog', '$2y$10$ZfJxFb2Cm99wju.Kf9TBHOYt9b/vMJVj3AQBPq39u/FnraBKvaKG.', NULL, '2018-07-27 16:42:20', '2018-07-27 16:42:20', '11', NULL, NULL, '3', 'active', '0', 0, '0000-00-00', ''),
(40, 45, 'Julius', NULL, 'Chua', NULL, '0', 'julius_chua@gmail.com', '52', NULL, 0, 2, 'juliuschua', '$2y$10$pxGKpVbVdMmj.tKj8c.yce0U/vIlN1deaRhFPrRGIs6UrWWWmA0ZG', NULL, '2018-07-27 16:44:10', '2018-07-27 17:22:55', '11', NULL, NULL, '3', 'active', '0', 0, '0000-00-00', ''),
(41, 46, 'Cris', NULL, 'Bolante', NULL, '0', 'cabolante@bonifacioinsurance.com.ph', '11', NULL, 0, 2, 'crisbolante', '$2y$10$YhuLB.4TMFSs39.yuovEGu0sl4wWfW/C.laMOB9fQIJGPyR.zii5.', NULL, '2018-07-27 16:47:35', '2018-07-30 16:20:01', '11', NULL, NULL, '3', 'active', '0', 0, '0000-00-00', ''),
(42, 47, 'Chaya', NULL, 'Llido', NULL, '0', 'CLLlido@unilab.com.ph', '11', NULL, 0, 2, 'cllido', '$2y$10$M5OAMzWeemDOchpBuulhy.rFYM0STYQztmQ./3nFR95gdl6Pue0yO', NULL, '2018-07-27 16:49:18', '2018-07-30 16:20:22', '11', NULL, NULL, '3', 'active', '0', 0, '0000-00-00', ''),
(43, 48, 'Maricor', 'P', 'Escalada', NULL, '0', 'mpescalada@unilab.com.ph', '17', NULL, 0, 2, 'mescalada', '$2y$10$hIAztkcBV05oXa/53gk4JejJ9Fp7P4fV6XUnv6Uck2eWvp4OfRH7O', 'yJbkm0vPUd1tdK3L4VObAFiKfDF5bpL4bIBy4HxEVmmD99R1AdLtIIW6Vu9O', '2018-07-27 16:51:48', '2018-07-27 16:51:48', '11', NULL, NULL, '3', 'active', '0', 0, '0000-00-00', ''),
(44, 49, 'Maria Lauren', NULL, 'Reyes', NULL, '0', 'lauren.reyes@frabellefoods.com', '118', NULL, 0, 2, 'laurenreyes', '$2y$10$2CDevyFqwwXg0zGyNVP6Ou1OHEgGyIeEdKsMXqN591nePlHxffegu', NULL, '2018-07-27 16:53:54', '2018-07-30 16:31:15', '11', NULL, NULL, '3', 'active', '0', 0, '0000-00-00', ''),
(45, 50, 'Louie', NULL, 'Edillor', NULL, '0', 'lmedillor@outlook.ph', '115', NULL, 0, 2, 'louieedillor', '$2y$10$A8/0RJy7QauzMFtxDDS.K.JFwiN9CfgpmrtTcnc7lsQ0FruFDD2qG', NULL, '2018-07-27 16:55:17', '2018-07-27 16:55:17', '11', NULL, NULL, '3', 'active', '0', 0, '0000-00-00', ''),
(46, 51, 'Lorena', 'E', 'Alivio', NULL, '09175838668', 'lealivio@healthfirst.com.ph', '21', NULL, 0, 2, 'lalivio', '$2y$10$QooaLNliX.7xESFv0a3dS.imNRdUtRxKWFkBBkjiDkajs3qLoEuP.', 'TqwwRHvlE3iBe7Oao7CUOzoBkXuGVrmkBN7yfRPDmDHu2bJIpDhYSkqSCr4Y', '2018-07-27 16:59:30', '2018-07-30 16:34:00', '11', NULL, NULL, '3', 'active', '0', 0, '0000-00-00', ''),
(47, 52, 'Jan Marie', NULL, 'Ardornia', NULL, '0', 'recruitment@medexpress.com.ph', '26', NULL, 0, 2, 'jmardornia', '$2y$10$w7YVOc/MIA08YojsntRbJuTi.ze5KJ9MYRc7yXBeeQL/IvyAG0rIO', NULL, '2018-07-27 17:18:50', '2018-07-27 17:18:50', '11', NULL, NULL, '3', 'active', '0', 0, '0000-00-00', ''),
(48, 53, 'Esperanza', NULL, 'Bohol', NULL, '0', 'maesperanzabohol@medexpress.com.ph', '26', NULL, 0, 2, 'ebohol', '$2y$10$jfQTXm3IabY8pwWIK2PaJuLmYVbSaovrqBx4jlBnlINGObiqKB0L.', 'wAi333sfvojnnIcXOxaPrWc8i9qrBCTLE1sg1mh838tYAjMG0zAiYmkR9Apd', '2018-07-27 17:20:07', '2018-07-27 17:20:07', '11', NULL, NULL, '3', 'active', '0', 0, '0000-00-00', ''),
(49, 54, 'Ronald', NULL, 'Sante', NULL, '9178486613', 'ronaldsante@meridiansec.com.ph', '65', NULL, 0, 2, 'rsante', '$2y$10$h5xp1EGMCpuyp.VE8mpqcOItuqNOg5RXKT6mwqoM4XxdY6o4kDtmm', NULL, '2018-07-27 17:21:32', '2018-07-27 17:21:32', '11', NULL, NULL, '3', 'active', '0', 0, '0000-00-00', ''),
(50, 55, 'Rizalyn', NULL, 'Perez', NULL, '0', 'rizalyn.perez@merisant.com', '28', NULL, 0, 2, 'rizalynperez', '$2y$10$FiBoA8zuoRaSDwwq23pmIOB9oPjXIFQG1pSz1BgXVLi3UM9hGC4kW', NULL, '2018-07-27 17:22:40', '2018-07-27 17:22:40', '11', NULL, NULL, '3', 'active', '0', 0, '0000-00-00', ''),
(51, 56, 'Niko', NULL, 'Silvano', NULL, '0', 'ndsilvano@mtgracehospitals.com.ph', '29', NULL, 0, 2, 'nsilvano', '$2y$10$39W9VBy.ueuGcHqRKJq3VucZQiOODHmFBx9jFv9heRiFLOWqZa2bm', NULL, '2018-07-27 17:24:48', '2018-07-27 17:24:48', '11', NULL, NULL, '3', 'active', '0', 0, '0000-00-00', ''),
(52, 57, 'Maricel', NULL, 'Yao', NULL, '9479976326', 'rmboxes@yahoo.com', '95', NULL, 0, 2, 'maricelyao', '$2y$10$32R.foPisme.J0OS1v4NeuDhNRVzUaJCObevdVAsJkra5xg9vilw.', NULL, '2018-07-27 17:26:10', '2018-07-30 16:35:52', '11', NULL, NULL, '3', 'active', '0', 0, '0000-00-00', ''),
(53, 58, 'Sheryl', NULL, 'Lagundino', NULL, '0', 'sheryl.lagundino@reliancehealth.com.ph', '67', NULL, 0, 2, 'slagundino', '$2y$10$0g0I7CyyRscRI4tuwksCyOptkIC6mcCZRJvwdLOdzmtqrUSrqB0/u', NULL, '2018-07-27 17:27:12', '2018-07-27 17:27:12', '11', NULL, NULL, '3', 'active', '0', 0, '0000-00-00', ''),
(54, 59, 'Mary Angeline', NULL, 'Kasilag', NULL, '9420716731', 'makasilag@parkwise.com.ph', '51', NULL, 0, 2, 'makasilag', '$2y$10$fCdcLWcp5MxOYtbvZDD/mOO94Qd1.eBtfY7QpR6S918zApa9hsFKS', 'gTmmzzYga3W7SR6eewxRYz6cfxIiXv1fSQ6SnHH1I0AftQfpZ67dNSMxrpnd', '2018-07-27 17:28:13', '2018-07-27 17:28:13', '11', NULL, NULL, '3', 'active', '0', 0, '0000-00-00', ''),
(55, 60, 'Rhaiza', NULL, 'Bañez', NULL, '9178554329', 'robanez@pharexhealth.com', '79', NULL, 0, 2, 'rhaizabañez', '$2y$10$JSvOPg2NB8Jzb//huos6seVRRmgyxlabez0j40GhtdhFeWDg26E0y', 'a2RJK5hrMUYtweILL2fJPbTnzkuUXjjK2fg53lBPmKJy6DTbWM8CiSiK081u', '2018-07-27 17:29:30', '2018-08-23 15:48:33', '11', NULL, NULL, '3', 'active', '0', 0, '0000-00-00', ''),
(56, 61, 'Marisa', NULL, 'Vida', NULL, '09982913738', 'marisa.vida@philcoastal.com', '118', NULL, 0, 2, 'marisavida', '$2y$10$KMCMO044yvwTDawW.PzsduGOInHq8vY.HqyMCP25nh5rQb9EmwQX.', NULL, '2018-07-27 17:50:44', '2018-07-30 16:31:42', '11', NULL, NULL, '3', 'active', '0', 0, '0000-00-00', ''),
(57, 62, 'Cathy', NULL, 'Stewart', NULL, '0', 'cathy.stewart@philcoastal.com', '118', NULL, 0, 2, 'cathystewart', '$2y$10$0eF5edJlCe63jXk/.lz4b.lf7eGHrdwYFagEb0TZVQQVwYu19eZUm', NULL, '2018-07-27 17:51:36', '2018-07-30 16:32:18', '11', NULL, NULL, '3', 'active', '0', 0, '0000-00-00', ''),
(58, 63, 'Jelene', NULL, 'Tala', NULL, '09175083289', 'jstala@pioneerph.com', '119', NULL, 0, 2, 'jtala', '$2y$10$zp1/Isj5cXyRmPzDQ6rive6sGXYa6mcrg0wMHj127SNjnu4zl5kRq', NULL, '2018-07-27 17:57:38', '2018-07-27 17:57:38', '11', NULL, NULL, '3', 'active', '0', 0, '0000-00-00', ''),
(59, 64, 'Amorybeth', NULL, 'Acuña', NULL, '0', 'alacuna@pioneerph.com', '3,31,46,47,53,107', NULL, 0, 2, 'hrtest', '$2y$10$sGpbbGKJeC89SxMrDlAjxOlz1lXDQg6shJIyA2ffx3.FLN.i76veG', '00OCjm1wGELVg1SOXLoWeDdDREpEJ041BhJ0oHl0kO5oECjWG98GmMxkwbFO', '2018-07-27 17:59:05', '2018-12-17 16:29:01', '18', '4,1,3,5,6', NULL, '3', 'active', '0', 0, '0000-00-00', ''),
(60, 65, 'Evelyn', NULL, 'Miranda', NULL, '9173473290', 'esmiranda-psbsi@pioneerph.com', '120', NULL, 0, 2, 'evelynmiranda', '$2y$10$V9ZApazetTepY9k2pc2jn.b7EiXzaqxz9MX9pom.GqaBygebnzgoC', NULL, '2018-07-27 18:00:35', '2018-07-27 18:00:35', '11', NULL, NULL, '3', 'active', '0', 0, '0000-00-00', ''),
(61, 66, 'Maria Sherilyn', NULL, 'Comia', NULL, '9175614450', 'scomia@proparking.com.ph', '35', NULL, 0, 2, 'macomia', '$2y$10$fyJ62GxoaTCRQs1y6WFoBOx9lxH7blFbjUtDPGrgqH4oPTUYKXYXi', NULL, '2018-07-27 18:01:19', '2018-07-27 18:01:19', '11', NULL, NULL, '3', 'active', '0', 0, '0000-00-00', ''),
(62, 67, 'Lourdes', NULL, 'Del Castillo', NULL, '0', 'lourdesdelcastillo88@gmail.com', '56', NULL, 0, 2, 'ldelcastillo', '$2y$10$e50SMWE.iqPmscjS9qG8UO1Q9L4eIRFU3A0GkfH9zYC6RWWD5m6uq', NULL, '2018-07-27 18:04:21', '2018-07-27 18:04:21', '11', NULL, NULL, '3', 'active', '0', 0, '0000-00-00', ''),
(63, 68, 'Kenneth', NULL, 'Pontemayor', NULL, '0', 'rapontemayor.rcc@gmail.com', '37', NULL, 0, 2, 'kpontemayor', '$2y$10$aN2EI0RgqgKYg.lPGFelfexslYvhKnTdWfYTAFub0NNUrjX60u0a2', NULL, '2018-07-27 18:05:25', '2018-07-27 18:05:25', '11', NULL, NULL, '3', 'active', '0', 0, '0000-00-00', ''),
(64, 69, 'Rizaldy', NULL, 'Caugma', NULL, '0', 'rccaugma.sjc@gmail.com', '38', NULL, 0, 2, 'rcaugma', '$2y$10$GKeTXQR5IrLSI4PP7Otfa.RDPDBGpo/ZGw38rFnoTXQscnQlydEu.', NULL, '2018-07-27 18:07:25', '2018-07-27 18:07:25', '11', NULL, NULL, '3', 'active', '0', 0, '0000-00-00', ''),
(65, 70, 'Judith', NULL, 'Algas', NULL, '0', 'judith.algas@reliancehealth.com.ph', '50', NULL, 0, 2, 'jalgas', '$2y$10$T69DMXKpCkNGyP6qtfh2DOwBAYbwDlpwwSlrrNB/5rFgycd13FNze', NULL, '2018-07-27 18:08:30', '2018-07-27 18:08:30', '11', NULL, NULL, '3', 'active', '0', 0, '0000-00-00', ''),
(66, 71, 'Ria Marie', NULL, 'Petralba', NULL, '09054180844', 'Ria.Petralba@truphone.com', '53', NULL, 0, 2, 'rmpetralba', '$2y$10$UnpdwirVbgBJ5mng4Cp.gesghdMBEP8j0FAIhMxnIHzWAemBNe25m', NULL, '2018-07-27 18:09:19', '2018-07-27 18:09:19', '11', NULL, NULL, '3', 'active', '0', 0, '0000-00-00', ''),
(67, 72, 'Mary Grace', NULL, 'Nasayao', NULL, '09178905270', 'Grace.Nasayao@truphone.com', '53', NULL, 0, 2, 'mgnasayao', '$2y$10$mAfHBgi5U4CrNd98DPuto.3ELa5oNmaGflkoVHNz4NfA91KLK0hOC', NULL, '2018-07-27 18:10:08', '2018-08-23 12:51:24', '11', NULL, NULL, '3', 'active', '0', 0, '0000-00-00', ''),
(68, 73, 'Randy', 'S', 'Cabonilas', NULL, '0', 'rcabonilas@spectrumtraveltours.com.ph', '40', NULL, 0, 2, 'rscabonilas', '$2y$10$OEhVAAqTaUL9cXlTWi/PRe9.ry7M2nywKMQJb5r2x.MRLc/gBJWlu', NULL, '2018-07-27 18:11:13', '2018-07-27 18:11:13', '11', NULL, NULL, '3', 'active', '0', 0, '0000-00-00', ''),
(69, 74, 'Jim', NULL, 'Realina', NULL, '0', 'jim.realina@hotelceleste.ph', '91', NULL, 0, 2, 'jimrealina', '$2y$10$MDYuqHTx6XOOBNqufFZ1W.CWjtOnHNck.1wmeecy70yaC.6IDkURe', NULL, '2018-07-27 18:12:05', '2018-07-27 18:12:05', '11', NULL, NULL, '3', 'active', '0', 0, '0000-00-00', ''),
(70, 75, 'Terence', NULL, 'Ang', NULL, '0', 'tcang.synnovate@gmail.com', '63', NULL, 0, 2, 'terenceang', '$2y$10$BI5mCu1nuVSy6Pczi9d8nuJfuDT8Hhmp.8AeqHo9DbIxbQkQ.65My', NULL, '2018-07-27 18:13:08', '2018-07-27 18:13:08', '11', NULL, NULL, '3', 'active', '0', 0, '0000-00-00', ''),
(71, 76, 'Julie', NULL, 'De Gula', NULL, '09178798989', 'julie.degula@traceserv.com', '100', NULL, 0, 2, 'juliedegula', '$2y$10$kyq24n6tqaFSu8nZptIOK.zFsTdtEs0NcgZpjTM8Il.tiinR1pF3W', 'fybvMKJOjufZzLw02P6UXGJXCa7GDI44Yyj963SicutX8IbQCPCxVckBlzy1', '2018-07-27 18:14:38', '2018-08-20 12:52:18', '11', NULL, NULL, '3', 'active', '0', 0, '0000-00-00', ''),
(72, 77, 'Rosette', NULL, 'Bihasa', NULL, '0', 'sette.bihasa@unilabfoundation.org', '43', NULL, 0, 2, 'rbihasa', '$2y$10$kdtXNAWt4zq/8WemCTrCfOHUku0LI2V37Wbekc3h8CXjrBqE1ChM.', NULL, '2018-07-27 18:16:11', '2018-07-27 18:16:11', '11', NULL, NULL, '3', 'active', '0', 0, '0000-00-00', ''),
(73, 78, 'Chanda', NULL, 'Garcia', NULL, '0', 'ccgarcia@unilab.com.ph', '45', NULL, 0, 2, 'chandagarcia', '$2y$10$Cj6JcGlqrwx6rLlzHNufYOeaTYCsCEDUguGjMF1QxHuuuumL5CJI6', '4LVP7NzRmhgdVmmvNmO3GBG6hP04psfDy7b0kc5TtIQaTaapoNUoZaySTwWd', '2018-07-27 18:17:20', '2018-07-27 18:17:20', '11', NULL, NULL, '3', 'active', '0', 0, '0000-00-00', ''),
(74, 79, 'Salud', NULL, 'Cayabyab', NULL, '0', 'mmcayabyab@unilab.com.ph', '45', NULL, 0, 2, 'saludcayabyab', '$2y$10$NNek1eLFrsUwzbfuIhiyg.xsESGT4cZuKe/CGuI7hs2Tw8q1gfNJ6', NULL, '2018-07-27 18:18:31', '2018-07-30 17:43:08', '11', NULL, NULL, '3', 'active', '0', 0, '0000-00-00', ''),
(75, 80, 'Maribee', 'N', 'Melegrito', NULL, '0', 'MENg@unilab.com.ph', '47', NULL, 0, 2, 'mmelegrito', '$2y$10$fNWPQ14Kgvs8oOGOJFPHGutVMKWkuWFNfEHfwXJLJxii225XiU076', 'OrJ450qxppC3HqG4gxTFhpzD1zXu8KHFtjyP4v2z1GLqAWknCIMnKV6f1g6t', '2018-07-27 18:19:54', '2018-07-27 18:19:54', '11', NULL, NULL, '3', 'active', '0', 0, '0000-00-00', ''),
(76, 81, 'Joan', 'M', 'Balde', NULL, '0', 'joanmaglaya@yahoo.com', '32', NULL, 0, 2, 'jmbalde', '$2y$10$lBidbWsyR/J8GJgUNgIqmeG855yo.yS/TokrYIJSseENRcKCd8bvu', NULL, '2018-07-27 18:21:06', '2018-07-30 16:35:12', '11', NULL, NULL, '3', 'active', '0', 0, '0000-00-00', ''),
(77, 82, 'Jocelyn', NULL, 'Orpiano', NULL, '9173237646', 'jho@zeroinevents.com', '49', NULL, 0, 2, 'jorpiano', '$2y$10$Ff825nNRu7vv3ewLnFqZCuXBlS9HZ.Ndl6OHWfU.RaXxzpfPoMO3m', 'h3Lx1m4NysK5y7kgWVAeBlkMfkAIKh5fXDfVUx8CEaLpvAjOnBbF9RVTVrjp', '2018-07-27 18:22:02', '2018-09-14 10:20:49', '11', NULL, NULL, '3', 'active', '0', 0, '0000-00-00', ''),
(78, 83, 'Paola Beatriz', 'V', 'Silva', NULL, '09175091255', 'pvsilva@reliancehealth.com.ph', '50', NULL, 1, 2, 'pvsilva', '$2y$10$RNXonI7QcUAZ72YDXJHH/O2PnRZFTtrr0nKW3Z9wlO3e6fcHclONm', 'Kyp56b8tz5eSpwdEqUiPi4ofrIE0VrdazInfmaZH5QxBpteNPT6CjLmUckyG', '2018-07-31 16:23:38', '2018-07-31 18:23:43', '11', NULL, NULL, '3', 'active', '0', 0, '0000-00-00', ''),
(79, 84, 'Merlie', NULL, 'Manansala', NULL, '0', 'merlie@evergoodplastic.com', '109', NULL, 0, 2, 'mmanansala', '$2y$10$LfyUNifqX37egb.Xj1cepuvKy8Uhs3vRBQCOEivZEzmmENCeyVsue', NULL, '2018-08-15 17:11:15', '2018-08-15 17:11:15', '11', NULL, NULL, '3', 'active', '0', 0, '0000-00-00', ''),
(80, 85, 'Sandra', NULL, 'Rono', 'male', '+(63)091-7561-445', 'srono@proparking.com.ph', '35', NULL, 0, 0, 'srono', '$2y$10$IfsBCX8jZ5uBu.Xh1WXp7eFJgNObvIQjIYF678nOMrlbiAdv.RKXK', NULL, '2018-08-23 10:18:09', '2019-01-03 04:53:14', '11', NULL, NULL, '3', 'active', '0', 0, '0000-00-00', ''),
(81, 86, 'Ma. Victoria', 'C', 'Katipunan', NULL, '0', 'kck@unilab.com.ph', '107', NULL, 0, 2, 'mvkatipunan', '$2y$10$N7Y9DHKD.c3mAKE.am3GsuEcpv8V1EIvZAcMC3u8ci0DvJPWtQBOa', NULL, '2018-08-23 10:34:43', '2018-08-23 10:34:43', '11', NULL, NULL, '3', 'active', '0', 0, '0000-00-00', ''),
(82, 87, 'Anna', 'C', 'Fulgencio', NULL, '09178051720', 'acf@flexicare.com.ph', '1,50', '1535074939.jpg', 1, 2, 'admin_acf', '$2y$10$puF/Ll1C8fPtTnLpJx.iBOxpQksGyHzMJaVFz0WZKbq8C1Dm9jhUy', 'iCbaBqOn7cDwq7L8KNgw6q9glyu5GcHJ2vYii9FaMv9H2KwZeQdcsmBVjMnE', '2018-08-24 09:41:02', '2018-11-12 21:40:06', '6', '2,3', NULL, '3', 'active', '0', 0, '0000-00-00', ''),
(83, 88, 'Anna', 'C', 'Fulgencio', NULL, '09178051720', 'acf2@flexicare.com.ph', '31', '1535075194.jpg', 0, 2, 'hr_acf', '$2y$10$iAko3L2Gwz5TaCZq21gZNu8SuwUg6FsVLKU8X/3MM61tYDAbDMsiK', 'Xg6fOQEClcvaD1VB8lhmKIodwjMO11490hVWtZ0jqoZSVjKB5YVYT5GIOBT6', '2018-08-24 09:46:03', '2018-11-12 22:44:33', '6', '2,3', NULL, '3', 'active', '0', 0, '0000-00-00', ''),
(84, 89, 'KAREN', 'FLORES', 'ABAD', NULL, '09209607425', 'karen@gmail.com', '3', '1545374096.png', 2, 2, 'karen', '$2y$10$gFANsKPtzQ6hans.9gvx8OHcY/Ywp5hMqrCcACJWiyVNLad6Ttx8y', 'IA855SEkZ9lwDuzw60YsFGErXBOgiiUPrAl131TLPwOCzLJMEX71xsXXZK0k', '2018-11-19 15:20:31', '2018-12-21 14:34:56', '6', NULL, '000003351-S01', '3', 'active', '0', 0, '0000-00-00', ''),
(85, 90, 'test', 'test', 'test', NULL, '09959567398', 'test@accounting.com', '31', NULL, 4, 2, 'test_accounting', '$2y$10$aN3iY8gtEOsDvaTFej1amex2gV/okkXVne8tBeiErrfgVuVJb7xRW', NULL, '2018-11-22 13:34:36', '2018-11-22 14:27:34', '6', '4,5', NULL, '3', 'active', '0', 0, '0000-00-00', ''),
(86, 91, 'MIGUEL ALFONZO', 'FLORES', 'ABAD', NULL, '09209607425', 'asd@asd.com', '53,107,3', NULL, 5, 2, 'csrtest', '$2y$10$YJ1QUvHNWN6vCUfbjOeWFO8uJ98wPoTdq4kfmZvnzqWfk8hGicRzS', 'wCH0u1Xd0UqVTcRKs2NkW34P5zP2Xj4blJ12eVQBvMRVg62BY9uEYmwpb1JJ', '2018-11-22 14:20:44', '2018-12-14 14:04:01', '6', '7', NULL, '3', 'active', '0', 0, '0000-00-00', ''),
(87, 92, 'test', NULL, 'test admin', NULL, '09178051720', 'fctest@omniquest.com', '1', NULL, 1, 2, 'fctest', '$2y$10$W6ZpFweVQ.qtPwJalIPb.u6U.fjUd9gy.f0fvvZje7rg1iwzYORNS', NULL, '2018-12-07 15:52:26', '2018-12-07 15:52:26', '6', '6', NULL, '3', 'active', '0', 0, '0000-00-00', ''),
(88, 93, 'FERNANDO', 'BUENAVENTURA', 'ADECER', NULL, '09209607425', 'fernando@gmail.com', '3', NULL, 2, 2, 'membertest', '$2y$10$XV082rCL1bzod5KrcDM6keVgpFFxZ4ZW0XY3/mOk7Do4cTeUx0cHO', 'XdB7geGSa0hoRqpDyFyTP2mCF3Enyu7H4W1Sdx7feF1lJN2C8t5viYsVHqGJ', '2018-12-11 09:43:54', '2018-12-24 23:54:51', '6', NULL, '000003351-C02', '3', 'active', '0', 0, '0000-00-00', ''),
(89, 0, 'Claims', '', 'Account', 'male', '', 'test@gmail.com', '', NULL, NULL, 0, 'claims', '$2y$10$E7fUHyeYJYuPAeeijey7LO0VVQgVp81eNRYKMdLgZCjUGOXPQB/Jm', NULL, '2019-01-04 02:15:56', '2019-01-04 02:23:04', '0', NULL, NULL, '1', 'active', '0', 0, '0000-00-00', ''),
(90, 0, 'None', '', 'None', 'male', '', 'aoflexi@gmail.com', '', NULL, NULL, 0, 'aoflexi', '$2y$10$ceJ4Pg.W0h0DUGmaugkkfO.iQrbWTuYa6nh8zQy.S4MRprcwXEMwa', NULL, '2019-01-04 02:24:10', '2019-01-06 20:53:26', '0', NULL, NULL, '1', 'active', '0', 0, '0000-00-00', ''),
(91, 0, '', NULL, '', NULL, '', 'xiaver99z1@yahoo.com', '', NULL, NULL, 0, 'xiaver99z1', '$2y$10$aRLYXmHXcY5ibnhD2WYEZO6x4Kn3dH7PAY2T.b.SBjm4g0iNCuO6G', NULL, '2019-01-06 08:34:44', NULL, '0', NULL, NULL, '1', 'active', '0', 0, '2019-01-15', '');

-- --------------------------------------------------------

--
-- Table structure for table `member_tb`
--

CREATE TABLE `member_tb` (
  `member_id` int(11) NOT NULL,
  `member_type` varchar(200) NOT NULL,
  `member_age_limit` int(11) NOT NULL,
  `member_abl` int(11) NOT NULL,
  `member_mxbl` int(11) NOT NULL,
  `member_lbl` int(11) NOT NULL,
  `member_pel` int(11) NOT NULL,
  `member_cil` int(11) NOT NULL,
  `member_mbl` int(11) NOT NULL,
  `member_opd` int(11) NOT NULL,
  `member_created_date` timestamp NOT NULL DEFAULT CURRENT_TIMESTAMP ON UPDATE CURRENT_TIMESTAMP
) ENGINE=MyISAM DEFAULT CHARSET=latin1;

--
-- Dumping data for table `member_tb`
--

INSERT INTO `member_tb` (`member_id`, `member_type`, `member_age_limit`, `member_abl`, `member_mxbl`, `member_lbl`, `member_pel`, `member_cil`, `member_mbl`, `member_opd`, `member_created_date`) VALUES
(4, 'Dependent - Child', 21, 75000, 0, 0, 0, 0, 0, 0, '2019-01-17 10:23:20'),
(1, 'Employee - Manager', 60, 150000, 0, 0, 0, 0, 0, 0, '2019-01-17 10:22:57'),
(2, 'Dependent - Spouse', 60, 75000, 0, 0, 0, 0, 0, 0, '2019-01-17 10:23:02'),
(5, 'Dependent - Parent', 0, 0, 0, 0, 0, 0, 0, 0, '2019-01-17 08:21:07'),
(6, 'Dependent - Differently abled child', 0, 0, 0, 0, 0, 0, 0, 0, '2019-01-17 08:21:31'),
(7, 'Employee - Rank and File', 60, 0, 150000, 0, 0, 0, 0, 10000, '2019-01-17 10:22:36');

-- --------------------------------------------------------

--
-- Table structure for table `system_info_tb`
--

CREATE TABLE `system_info_tb` (
  `system_info_id` int(11) NOT NULL,
  `system_title` varchar(255) NOT NULL,
  `system_sub_title` varchar(255) NOT NULL,
  `system_created_date` timestamp NOT NULL DEFAULT CURRENT_TIMESTAMP,
  `system_updated_date` datetime NOT NULL
) ENGINE=InnoDB DEFAULT CHARSET=latin1;

--
-- Dumping data for table `system_info_tb`
--

INSERT INTO `system_info_tb` (`system_info_id`, `system_title`, `system_sub_title`, `system_created_date`, `system_updated_date`) VALUES
(1, 'MEDICAL ASSISTANCE SOMETHING', '', '2018-12-26 02:52:16', '0000-00-00 00:00:00');

-- --------------------------------------------------------

--
-- Table structure for table `user_responsibility_tb`
--

CREATE TABLE `user_responsibility_tb` (
  `users_responsibility_id` int(11) NOT NULL,
  `user_id` int(11) NOT NULL,
  `responsibility_name` varchar(255) NOT NULL,
  `date_assigned` timestamp NOT NULL DEFAULT CURRENT_TIMESTAMP ON UPDATE CURRENT_TIMESTAMP
) ENGINE=MyISAM DEFAULT CHARSET=latin1;

--
-- Dumping data for table `user_responsibility_tb`
--

INSERT INTO `user_responsibility_tb` (`users_responsibility_id`, `user_id`, `responsibility_name`, `date_assigned`) VALUES
(1, 85, 'umm', '2019-01-04 02:21:38'),
(2, 85, 'umm_view', '2019-01-04 02:21:38'),
(3, 85, 'umm_add_user', '2019-01-04 02:21:38'),
(4, 85, 'umm_upd_info_pass_avtr', '2019-01-04 02:21:38'),
(5, 85, 'umm_chg_usr_sta', '2019-01-04 02:21:38'),
(6, 85, 'umm_assgn_res', '2019-01-04 02:21:38'),
(7, 89, 'umm', '2019-01-04 02:22:10'),
(8, 89, 'umm_view', '2019-01-04 02:22:10'),
(9, 89, 'umm_add_user', '2019-01-04 02:22:10'),
(10, 89, 'umm_upd_info_pass_avtr', '2019-01-04 02:22:10'),
(11, 89, 'umm_chg_usr_sta', '2019-01-04 02:22:10'),
(12, 89, 'umm_assgn_res', '2019-01-04 02:22:10'),
(13, 90, 'umm', '2019-01-04 02:24:48'),
(14, 90, 'umm_view', '2019-01-04 02:24:48'),
(15, 90, 'umm_add_user', '2019-01-04 02:24:48'),
(16, 90, 'umm_upd_info_pass_avtr', '2019-01-04 02:24:48'),
(17, 90, 'umm_chg_usr_sta', '2019-01-04 02:24:48'),
(18, 90, 'umm_assgn_res', '2019-01-04 02:24:48'),
(19, 91, 'umm', '2019-01-06 08:36:31'),
(20, 91, 'umm_view', '2019-01-06 08:36:37'),
(21, 91, 'umm_add_user', '2019-01-06 08:36:39'),
(22, 91, 'umm_upd_info_pass_avtr', '2019-01-06 08:36:42'),
(23, 91, 'umm_chg_usr_sta', '2019-01-06 08:36:46'),
(24, 91, 'umm_assgn_res', '2019-01-06 08:36:50'),
(25, 91, 'accts_mm', '2019-01-06 20:21:55'),
(26, 91, 'accts_crt', '2019-01-06 20:21:55'),
(27, 91, 'accts_all_sb', '2019-01-06 20:23:53'),
(28, 91, 'accts_mmbr_sb', '2019-01-06 20:26:10'),
(29, 91, 'hlth_clms_mm', '2019-01-06 20:30:43'),
(30, 89, 'accts_mm', '2019-01-06 20:52:02'),
(31, 89, 'accts_crt', '2019-01-06 20:52:02'),
(32, 89, 'accts_all_sb', '2019-01-06 20:52:02'),
(33, 89, 'accts_mmbr_sb', '2019-01-06 20:52:02'),
(34, 89, 'hlth_clms_mm', '2019-01-06 20:52:25'),
(35, 90, 'accts_mm', '2019-01-06 20:53:52'),
(36, 90, 'accts_crt', '2019-01-06 20:53:52');

--
-- Indexes for dumped tables
--

--
-- Indexes for table `benefits_limit_tb`
--
ALTER TABLE `benefits_limit_tb`
  ADD PRIMARY KEY (`benefits_limit_id`);

--
-- Indexes for table `benefits_tb`
--
ALTER TABLE `benefits_tb`
  ADD PRIMARY KEY (`benefit_id`);

--
-- Indexes for table `ci_sessions`
--
ALTER TABLE `ci_sessions`
  ADD KEY `ci_sessions_timestamp` (`timestamp`);

--
-- Indexes for table `company_setup_tb`
--
ALTER TABLE `company_setup_tb`
  ADD PRIMARY KEY (`company_setup_id`);

--
-- Indexes for table `fx_users`
--
ALTER TABLE `fx_users`
  ADD PRIMARY KEY (`id`);

--
-- Indexes for table `member_tb`
--
ALTER TABLE `member_tb`
  ADD PRIMARY KEY (`member_id`);

--
-- Indexes for table `system_info_tb`
--
ALTER TABLE `system_info_tb`
  ADD PRIMARY KEY (`system_info_id`);

--
-- Indexes for table `user_responsibility_tb`
--
ALTER TABLE `user_responsibility_tb`
  ADD PRIMARY KEY (`users_responsibility_id`);

--
-- AUTO_INCREMENT for dumped tables
--

--
-- AUTO_INCREMENT for table `benefits_limit_tb`
--
ALTER TABLE `benefits_limit_tb`
  MODIFY `benefits_limit_id` int(11) NOT NULL AUTO_INCREMENT, AUTO_INCREMENT=3;

--
-- AUTO_INCREMENT for table `benefits_tb`
--
ALTER TABLE `benefits_tb`
  MODIFY `benefit_id` int(11) NOT NULL AUTO_INCREMENT, AUTO_INCREMENT=2;

--
-- AUTO_INCREMENT for table `company_setup_tb`
--
ALTER TABLE `company_setup_tb`
  MODIFY `company_setup_id` int(11) NOT NULL AUTO_INCREMENT, AUTO_INCREMENT=148;

--
-- AUTO_INCREMENT for table `fx_users`
--
ALTER TABLE `fx_users`
  MODIFY `id` int(11) NOT NULL AUTO_INCREMENT, AUTO_INCREMENT=92;

--
-- AUTO_INCREMENT for table `member_tb`
--
ALTER TABLE `member_tb`
  MODIFY `member_id` int(11) NOT NULL AUTO_INCREMENT, AUTO_INCREMENT=8;

--
-- AUTO_INCREMENT for table `system_info_tb`
--
ALTER TABLE `system_info_tb`
  MODIFY `system_info_id` int(11) NOT NULL AUTO_INCREMENT, AUTO_INCREMENT=2;

--
-- AUTO_INCREMENT for table `user_responsibility_tb`
--
ALTER TABLE `user_responsibility_tb`
  MODIFY `users_responsibility_id` int(11) NOT NULL AUTO_INCREMENT, AUTO_INCREMENT=37;
COMMIT;

/*!40101 SET CHARACTER_SET_CLIENT=@OLD_CHARACTER_SET_CLIENT */;
/*!40101 SET CHARACTER_SET_RESULTS=@OLD_CHARACTER_SET_RESULTS */;
/*!40101 SET COLLATION_CONNECTION=@OLD_COLLATION_CONNECTION */;
